-- phpMyAdmin SQL Dump
-- version 5.0.2
-- https://www.phpmyadmin.net/
--
-- Host: 127.0.0.1
-- Waktu pembuatan: 02 Jul 2021 pada 14.30
-- Versi server: 10.4.13-MariaDB
-- Versi PHP: 7.4.8

SET SQL_MODE = "NO_AUTO_VALUE_ON_ZERO";
START TRANSACTION;
SET time_zone = "+00:00";


/*!40101 SET @OLD_CHARACTER_SET_CLIENT=@@CHARACTER_SET_CLIENT */;
/*!40101 SET @OLD_CHARACTER_SET_RESULTS=@@CHARACTER_SET_RESULTS */;
/*!40101 SET @OLD_COLLATION_CONNECTION=@@COLLATION_CONNECTION */;
/*!40101 SET NAMES utf8mb4 */;

--
-- Database: `db_creative_audio`
--

-- --------------------------------------------------------

--
-- Struktur dari tabel `tbl_keranjang`
--

CREATE TABLE `tbl_keranjang` (
  `id_transaksi` int(10) NOT NULL,
  `id_produk` int(10) NOT NULL,
  `id_pembayaran` int(10) NOT NULL,
  `id_user` int(10) NOT NULL,
  `tgl_transaksi` date NOT NULL,
  `qty_transaksi` int(11) NOT NULL,
  `total_transaksi` int(11) NOT NULL,
  `komentar` text NOT NULL,
  `aktif` int(1) NOT NULL
) ENGINE=InnoDB DEFAULT CHARSET=latin1;

-- --------------------------------------------------------

--
-- Struktur dari tabel `tbl_kurir`
--

CREATE TABLE `tbl_kurir` (
  `id` int(11) NOT NULL,
  `nama` text NOT NULL,
  `harga` text NOT NULL
) ENGINE=InnoDB DEFAULT CHARSET=latin1;

--
-- Dumping data untuk tabel `tbl_kurir`
--

INSERT INTO `tbl_kurir` (`id`, `nama`, `harga`) VALUES
(1, 'JNT', '2000'),
(2, 'JNE', '3000');

-- --------------------------------------------------------

--
-- Struktur dari tabel `tbl_pembayaran`
--

CREATE TABLE `tbl_pembayaran` (
  `id_pembayaran` int(10) NOT NULL,
  `total_pembayaran` int(11) NOT NULL,
  `bukti_pembayaran` varchar(255) NOT NULL,
  `nomor_resi` varchar(50) NOT NULL,
  `kurir_pengiriman` varchar(30) NOT NULL,
  `tgl_pembayaran` date NOT NULL,
  `status_pembayaran` varchar(30) NOT NULL,
  `review_produk` text NOT NULL,
  `aktif` int(1) NOT NULL
) ENGINE=InnoDB DEFAULT CHARSET=latin1;

--
-- Dumping data untuk tabel `tbl_pembayaran`
--

INSERT INTO `tbl_pembayaran` (`id_pembayaran`, `total_pembayaran`, `bukti_pembayaran`, `nomor_resi`, `kurir_pengiriman`, `tgl_pembayaran`, `status_pembayaran`, `review_produk`, `aktif`) VALUES
(1, 0, '', '', '', '2020-09-14', 'Sudah Dikirim', '', 0),
(9, 260000, '', '', '1', '2021-04-08', 'Sudah Bayar', '', 0),
(10, 895000, '', '', '1', '2021-04-08', 'Sudah Dikirim', '', 0),
(11, 180000, '13569908_931271313683979_153760524_o2.jpg', '', '2', '2021-04-12', 'Sudah Dikirim', '', 0),
(12, 775000, 'bg_aerialview.png', '', '1', '2021-04-16', 'Sudah Dikirim', '', 0),
(13, 470000, 'BRI5113.JPG', '', '1', '2021-04-22', 'Sudah Dikirim', '', 0),
(14, 272000, 'BRI5114.JPG', '', '2', '2021-04-22', 'Sudah Dikirim', '', 0),
(15, 297000, 'BRI5115.JPG', '', '2', '2021-04-22', 'Sudah Dikirim', '', 0),
(16, 442000, 'BRI5116.JPG', '', '2', '2021-04-22', 'Sudah Dikirim', '', 0),
(17, 187000, 'bg_aerialview.png', '', '1', '2021-06-16', 'Sudah Dikirim', '', 0),
(18, 7531000, '86-1.png', '', '2', '2021-06-23', 'Sudah Dikirim', '', 0),
(19, 4049000, 'BRI5117.JPG', '', '1', '2021-06-24', 'Sudah Dikirim', '', 0),
(20, 1759000, 'BRI5118.JPG', '', '1', '2021-06-24', 'Sudah Dikirim', '', 0),
(21, 1190000, 'BRI5119.JPG', '', '2', '2021-06-24', 'Sudah Dikirim', '', 0),
(22, 1380000, 'BRI5120.JPG', '', '2', '2021-06-24', 'Sudah Dikirim', '', 0),
(23, 1760000, 'BRI5121.JPG', '', '2', '2021-06-24', 'Sudah Dikirim', '', 0),
(24, 1950000, 'BRI5122.JPG', '', '2', '2021-06-24', 'Sudah Dikirim', '', 0),
(25, 1000000, 'BRI5123.JPG', '', '2', '2021-06-24', 'Sudah Dikirim', '', 0),
(26, 1760000, 'BRI5124.JPG', '', '2', '2021-06-24', 'Sudah Dikirim', '', 0),
(27, 1913000, 'BRI5125.JPG', '', '2', '2021-06-24', 'Sudah Dikirim', '', 0),
(28, 1343000, 'BRI5126.JPG', '', '2', '2021-06-24', 'Sudah Dikirim', '', 0),
(29, 1723000, 'BRI5127.JPG', '', '2', '2021-06-24', 'Sudah Dikirim', '', 0),
(30, 1533000, 'BRI5128.JPG', '', '2', '2021-06-24', 'Sudah Dikirim', '', 0),
(31, 1913000, 'BRI5129.JPG', '', '2', '2021-06-24', 'Sudah Dikirim', '', 0),
(32, 14012000, 'BRI5130.JPG', '', '1', '2021-06-30', 'Sudah Dikirim', '', 0),
(33, 15763000, 'BRI5131.JPG', '', '2', '2021-06-30', 'Sudah Dikirim', '', 0),
(34, 14013000, 'BRI5132.JPG', '', '2', '2021-06-30', 'Sudah Dikirim', '', 0),
(35, 12262000, 'BRI5133.JPG', '', '1', '2021-06-30', 'Sudah Dikirim', '', 0),
(36, 8763000, 'BRI5134.JPG', '', '2', '2021-06-30', 'Sudah Dikirim', '', 0),
(37, 7013000, 'BRI5135.JPG', '', '2', '2021-06-30', 'Sudah Dikirim', '', 0),
(38, 8763000, 'BRI5136.JPG', '', '2', '2021-06-30', 'Sudah Dikirim', '', 0),
(39, 10513000, 'BRI5137.JPG', '', '2', '2021-06-30', 'Sudah Dikirim', '', 0),
(40, 8763000, 'BRI5138.JPG', '', '2', '2021-06-30', 'Sudah Dikirim', '', 0),
(41, 8763000, 'BRI5139.JPG', '', '2', '2021-06-30', 'Sudah Dikirim', '', 0),
(42, 5263000, 'BRI5140.JPG', '', '2', '2021-06-30', 'Sudah Dikirim', '', 0),
(43, 10513000, 'BRI5141.JPG', '', '2', '2021-06-30', 'Sudah Dikirim', '', 0),
(44, 10531000, 'BRI5142.JPG', '', '2', '2021-06-30', 'Sudah Dikirim', '', 0),
(45, 9031000, 'BRI5143.JPG', '', '2', '2021-06-30', 'Sudah Dikirim', '', 0),
(46, 12031000, 'BRI5144.JPG', '', '2', '2021-06-30', 'Sudah Dikirim', '', 0),
(47, 7531000, 'BRI5145.JPG', '', '2', '2021-06-30', 'Sudah Dikirim', '', 0),
(48, 6031000, 'BRI5146.JPG', '', '2', '2021-06-30', 'Sudah Dikirim', '', 0),
(49, 6031000, 'BRI5147.JPG', '', '2', '2021-06-30', 'Sudah Dikirim', '', 0),
(50, 7530000, 'BRI5148.JPG', '', '1', '2021-06-30', 'Sudah Dikirim', '', 0),
(51, 9030000, 'BRI5149.JPG', '', '1', '2021-06-30', 'Sudah Dikirim', '', 0),
(52, 10530000, 'BRI5150.JPG', '', '1', '2021-06-30', 'Sudah Dikirim', '', 0),
(53, 10530000, 'BRI5151.JPG', '', '1', '2021-06-30', 'Sudah Dikirim', '', 0),
(54, 7530000, 'BRI5152.JPG', '', '1', '2021-06-30', 'Sudah Dikirim', '', 0),
(55, 7530000, 'BRI5153.JPG', '', '1', '2021-06-30', 'Sudah Dikirim', '', 0),
(56, 12013000, 'BRI5154.JPG', '', '2', '2021-06-30', 'Sudah Dikirim', '', 0),
(57, 13513000, 'BRI5155.JPG', '', '2', '2021-06-30', 'Sudah Dikirim', '', 0),
(58, 12013000, 'BRI5156.JPG', '', '2', '2021-06-30', 'Sudah Dikirim', '', 0),
(59, 7513000, 'BRI5157.JPG', '', '2', '2021-06-30', 'Sudah Dikirim', '', 0),
(60, 7513000, 'BRI5158.JPG', '', '2', '2021-06-30', 'Sudah Dikirim', '', 0),
(61, 7513000, 'BRI5159.JPG', '', '2', '2021-06-30', 'Sudah Dikirim', '', 0),
(62, 9013000, 'BRI5160.JPG', '', '2', '2021-06-30', 'Sudah Dikirim', '', 0),
(63, 12013000, 'BRI5161.JPG', '', '2', '2021-06-30', 'Sudah Dikirim', '', 0),
(64, 6013000, 'BRI5162.JPG', '', '2', '2021-06-30', 'Sudah Dikirim', '', 0),
(65, 9013000, 'BRI5163.JPG', '', '2', '2021-06-30', 'Sudah Dikirim', '', 0),
(66, 7513000, 'BRI5164.JPG', '', '2', '2021-06-30', 'Sudah Dikirim', '', 0),
(67, 6013000, 'BRI5165.JPG', '', '2', '2021-06-30', 'Sudah Dikirim', '', 0),
(68, 12013000, 'BRI5166.JPG', '', '2', '2021-06-30', 'Sudah Dikirim', '', 0),
(69, 12013000, 'BRI5167.JPG', '', '2', '2021-06-30', 'Sudah Dikirim', '', 0),
(70, 13513000, 'BRI5168.JPG', '', '2', '2021-06-30', 'Sudah Dikirim', '', 0),
(71, 12013000, 'BRI5169.JPG', '', '2', '2021-06-30', 'Sudah Dikirim', '', 0),
(72, 11013000, 'BRI5170.JPG', '', '2', '2021-06-30', 'Sudah Dikirim', '', 0),
(73, 22013000, 'BRI5171.JPG', '', '2', '2021-06-30', 'Sudah Dikirim', '', 0),
(74, 22013000, 'BRI5172.JPG', '', '2', '2021-06-30', 'Sudah Dikirim', '', 0),
(75, 16513000, 'BRI5173.JPG', '', '2', '2021-06-30', 'Sudah Dikirim', '', 0),
(76, 19263000, 'BRI5174.JPG', '', '2', '2021-06-30', 'Sudah Dikirim', '', 0),
(77, 11013000, 'BRI5175.JPG', '', '2', '2021-06-30', 'Sudah Dikirim', '', 0),
(78, 19263000, 'BRI5176.JPG', '', '2', '2021-06-30', 'Sudah Dikirim', '', 0),
(79, 16513000, 'BRI5177.JPG', '', '2', '2021-06-30', 'Sudah Dikirim', '', 0),
(80, 11013000, 'BRI5178.JPG', '', '2', '2021-06-30', 'Sudah Dikirim', '', 0),
(81, 19263000, 'BRI5179.JPG', '', '2', '2021-06-30', 'Sudah Dikirim', '', 0),
(82, 13763000, 'BRI5180.JPG', '', '2', '2021-06-30', 'Sudah Dikirim', '', 0),
(83, 13763000, 'BRI5181.JPG', '', '2', '2021-06-30', 'Sudah Dikirim', '', 0),
(84, 10413000, 'BRI5182.JPG', '', '2', '2021-06-30', 'Sudah Dikirim', '', 0),
(85, 10413000, 'BRI5183.JPG', '', '2', '2021-06-30', 'Sudah Dikirim', '', 0),
(86, 6513000, 'BRI5184.JPG', '', '2', '2021-06-30', 'Sudah Dikirim', '', 0),
(87, 11713000, 'BRI5185.JPG', '', '2', '2021-06-30', 'Sudah Dikirim', '', 0),
(88, 9113000, 'BRI5186.JPG', '', '2', '2021-06-30', 'Sudah Dikirim', '', 0),
(89, 7813000, 'BRI5187.JPG', '', '2', '2021-06-30', 'Sudah Dikirim', '', 0),
(90, 10413000, 'BRI5188.JPG', '', '2', '2021-06-30', 'Sudah Dikirim', '', 0),
(91, 10413000, 'BRI5189.JPG', '', '2', '2021-06-30', 'Sudah Dikirim', '', 0),
(92, 3913000, 'BRI5190.JPG', '', '2', '2021-06-30', 'Sudah Dikirim', '', 0),
(93, 5213000, 'BRI5191.JPG', '', '2', '2021-06-30', 'Sudah Dikirim', '', 0),
(94, 6513000, 'BRI5192.JPG', '', '2', '2021-06-30', 'Sudah Dikirim', '', 0),
(95, 6513000, 'BRI5193.JPG', '', '2', '2021-06-30', 'Sudah Dikirim', '', 0),
(96, 12549000, 'BRI5194.JPG', '', '1', '2021-06-30', 'Sudah Dikirim', '', 0),
(97, 22549000, 'BRI5195.JPG', '', '1', '2021-06-30', 'Sudah Dikirim', '', 0),
(98, 20049000, 'BRI5196.JPG', '', '1', '2021-06-30', 'Sudah Dikirim', '', 0),
(99, 12549000, 'BRI5197.JPG', '', '1', '2021-06-30', 'Sudah Dikirim', '', 0),
(100, 12549000, 'BRI5198.JPG', '', '1', '2021-06-30', 'Sudah Dikirim', '', 0),
(101, 12549000, 'BRI5199.JPG', '', '1', '2021-06-30', 'Sudah Dikirim', '', 0),
(102, 20012000, 'BRI521.JPG', '', '1', '2021-06-30', 'Sudah Dikirim', '', 0),
(103, 10012000, 'BRI51410.JPG', '', '1', '2021-06-30', 'Sudah Dikirim', '', 0),
(104, 15012000, 'BRI51810.JPG', '', '1', '2021-06-30', 'Sudah Dikirim', '', 0),
(105, 1624000, 'BRI53.JPG', '', '1', '2021-06-30', 'Sudah Dikirim', '', 0),
(106, 1099000, 'BRI54.JPG', '', '1', '2021-06-30', 'Sudah Dikirim', '', 0),
(107, 1449000, 'BRI55.JPG', '', '1', '2021-06-30', 'Sudah Dikirim', '', 0),
(108, 1274000, 'BRI56.JPG', '', '1', '2021-06-30', 'Sudah Dikirim', '', 0),
(109, 1274000, 'BRI57.JPG', '', '1', '2021-06-30', 'Sudah Dikirim', '', 0),
(110, 1274000, 'BRI58.JPG', '', '1', '2021-06-30', 'Sudah Dikirim', '', 0),
(111, 1624000, 'BRI59.JPG', '', '1', '2021-06-30', 'Sudah Dikirim', '', 0),
(112, 1449000, 'BRI541.JPG', '', '1', '2021-06-30', 'Sudah Dikirim', '', 0),
(113, 1624000, 'BRI510.JPG', '', '1', '2021-06-30', 'Sudah Dikirim', '', 0),
(114, 1274000, 'BRI520.JPG', '', '1', '2021-06-30', 'Sudah Dikirim', '', 0),
(115, 1449000, 'BRI522.JPG', '', '1', '2021-06-30', 'Sudah Dikirim', '', 0),
(116, 1449000, 'BRI523.JPG', '', '1', '2021-06-30', 'Sudah Dikirim', '', 0),
(117, 4412000, 'BRI524.JPG', '', '1', '2021-07-01', 'Sudah Dikirim', '', 0),
(118, 3312000, 'BRI525.JPG', '', '1', '2021-07-01', 'Sudah Dikirim', '', 0),
(119, 3312000, 'BRI526.JPG', '', '1', '2021-07-01', 'Sudah Dikirim', '', 0),
(120, 4412000, 'BRI527.JPG', '', '1', '2021-07-01', 'Sudah Dikirim', '', 0),
(121, 1112000, 'BRI528.JPG', '', '1', '2021-07-01', 'Sudah Dikirim', '', 0),
(122, 1112000, 'BRI529.JPG', '', '1', '2021-07-01', 'Sudah Dikirim', '', 0),
(123, 3312000, 'BRI530.JPG', '', '1', '2021-07-01', 'Sudah Dikirim', '', 0),
(124, 4412000, 'BRI531.JPG', '', '1', '2021-07-01', 'Sudah Dikirim', '', 0),
(125, 3312000, 'BRI532.JPG', '', '1', '2021-07-01', 'Sudah Dikirim', '', 0),
(126, 4412000, 'BRI533.JPG', '', '1', '2021-07-01', 'Sudah Dikirim', '', 0),
(127, 4412000, 'BRI534.JPG', '', '1', '2021-07-01', 'Sudah Dikirim', '', 0),
(128, 7712000, 'BRI535.JPG', '', '1', '2021-07-01', 'Sudah Dikirim', '', 0),
(129, 5412000, 'BRI536.JPG', '', '1', '2021-07-01', 'Sudah Dikirim', '', 0),
(130, 7212000, 'BRI537.JPG', '', '1', '2021-07-01', 'Sudah Dikirim', '', 0),
(131, 7212000, 'BRI538.JPG', '', '1', '2021-07-01', 'Sudah Dikirim', '', 0),
(132, 7212000, 'BRI539.JPG', '', '1', '2021-07-01', 'Sudah Dikirim', '', 0),
(133, 5412000, 'BRI540.JPG', '', '1', '2021-07-01', 'Sudah Dikirim', '', 0),
(134, 5412000, 'BRI542.JPG', '', '1', '2021-07-01', 'Sudah Dikirim', '', 0),
(135, 3612000, 'BRI543.JPG', '', '1', '2021-07-01', 'Sudah Dikirim', '', 0),
(136, 7212000, 'BRI544.JPG', '', '1', '2021-07-01', 'Sudah Dikirim', '', 0),
(137, 10812000, 'BRI545.JPG', '', '1', '2021-07-01', 'Sudah Dikirim', '', 0),
(138, 7212000, 'BRI546.JPG', '', '1', '2021-07-01', 'Sudah Dikirim', '', 0),
(139, 9012000, 'BRI547.JPG', '', '1', '2021-07-01', 'Sudah Dikirim', '', 0),
(140, 10812000, 'BRI548.JPG', '', '1', '2021-07-01', 'Sudah Dikirim', '', 0),
(141, 7213000, 'BRI549.JPG', '', '2', '2021-07-01', 'Sudah Dikirim', '', 0),
(142, 9013000, 'BRI550.JPG', '', '2', '2021-07-01', 'Sudah Dikirim', '', 0),
(143, 9013000, 'BRI551.JPG', '', '2', '2021-07-01', 'Sudah Dikirim', '', 0),
(144, 5413000, 'BRI552.JPG', '', '2', '2021-07-01', 'Sudah Dikirim', '', 0),
(145, 10813000, 'BRI553.JPG', '', '2', '2021-07-01', 'Sudah Dikirim', '', 0),
(146, 12613000, 'BRI554.JPG', '', '2', '2021-07-01', 'Sudah Dikirim', '', 0),
(147, 9013000, 'BRI555.JPG', '', '2', '2021-07-01', 'Sudah Dikirim', '', 0),
(148, 9013000, 'BRI556.JPG', '', '2', '2021-07-01', 'Sudah Dikirim', '', 0),
(149, 12613000, 'BRI557.JPG', '', '2', '2021-07-01', 'Sudah Dikirim', '', 0),
(150, 9013000, 'BRI558.JPG', '', '2', '2021-07-01', 'Sudah Dikirim', '', 0),
(151, 12613000, 'BRI559.JPG', '', '2', '2021-07-01', 'Sudah Dikirim', '', 0),
(152, 10813000, 'BRI560.JPG', '', '2', '2021-07-01', 'Sudah Dikirim', '', 0),
(153, 27313000, 'BRI561.JPG', '', '2', '2021-07-01', 'Sudah Dikirim', '', 0),
(154, 10413000, 'BRI562.JPG', '', '2', '2021-07-01', 'Sudah Dikirim', '', 0),
(155, 19513000, 'BRI563.JPG', '', '2', '2021-07-01', 'Sudah Dikirim', '', 0),
(156, 20813000, 'BRI564.JPG', '', '2', '2021-07-01', 'Sudah Dikirim', '', 0),
(157, 19513000, 'BRI565.JPG', '', '2', '2021-07-01', 'Sudah Dikirim', '', 0),
(158, 15613000, 'BRI566.JPG', '', '2', '2021-07-01', 'Sudah Dikirim', '', 0),
(159, 13013000, 'BRI567.JPG', '', '2', '2021-07-01', 'Sudah Dikirim', '', 0),
(160, 24713000, 'BRI568.JPG', '', '2', '2021-07-01', 'Sudah Dikirim', '', 0),
(161, 19513000, 'BRI569.JPG', '', '2', '2021-07-01', 'Sudah Dikirim', '', 0),
(162, 18213000, 'BRI570.JPG', '', '2', '2021-07-01', 'Sudah Dikirim', '', 0),
(163, 9113000, 'BRI571.JPG', '', '2', '2021-07-01', 'Sudah Dikirim', '', 0),
(164, 18213000, 'BRI572.JPG', '', '2', '2021-07-01', 'Sudah Dikirim', '', 0),
(165, 27313000, 'BRI573.JPG', '', '2', '2021-07-01', 'Sudah Dikirim', '', 0),
(166, 3963000, 'BRI574.JPG', '', '2', '2021-07-01', 'Sudah Dikirim', '', 0),
(167, 3848000, 'BRI575.JPG', '', '2', '2021-07-01', 'Sudah Dikirim', '', 0),
(168, 3848000, 'BRI576.JPG', '', '2', '2021-07-01', 'Sudah Dikirim', '', 0),
(169, 3678000, 'BRI577.JPG', '', '2', '2021-07-01', 'Sudah Dikirim', '', 0),
(170, 3008000, 'BRI578.JPG', '', '2', '2021-07-01', 'Sudah Dikirim', '', 0),
(171, 3478000, 'BRI579.JPG', '', '2', '2021-07-01', 'Sudah Dikirim', '', 0),
(172, 3278000, 'BRI580.JPG', '', '2', '2021-07-02', 'Sudah Dikirim', '', 0),
(173, 3948000, 'BRI581.JPG', '', '2', '2021-07-02', 'Sudah Dikirim', '', 0),
(174, 3763000, 'BRI582.JPG', '', '2', '2021-07-02', 'Sudah Dikirim', '', 0),
(175, 2013000, 'BRI583.JPG', '', '2', '2021-07-02', 'Sudah Dikirim', '', 0),
(176, 4063000, 'BRI584.JPG', '', '2', '2021-07-02', 'Sudah Dikirim', '', 0),
(177, 4533000, 'BRI585.JPG', '', '2', '2021-07-02', 'Sudah Dikirim', '', 0),
(178, 1491000, 'BRI586.JPG', '', '2', '2021-07-02', 'Sudah Dikirim', '', 0),
(179, 1691000, 'BRI587.JPG', '', '2', '2021-07-02', 'Sudah Dikirim', '', 0),
(180, 2216000, 'BRI588.JPG', '', '2', '2021-07-02', 'Sudah Dikirim', '', 0),
(181, 2091000, 'BRI589.JPG', '', '2', '2021-07-02', 'Sudah Dikirim', '', 0),
(182, 1616000, 'BRI590.JPG', '', '2', '2021-07-02', 'Sudah Dikirim', '', 0),
(183, 1891000, 'BRI591.JPG', '', '2', '2021-07-02', 'Sudah Dikirim', '', 0),
(184, 1616000, 'BRI592.JPG', '', '2', '2021-07-02', 'Sudah Dikirim', '', 0),
(185, 1291000, 'BRI593.JPG', '', '2', '2021-07-02', 'Sudah Dikirim', '', 0),
(186, 1441000, 'BRI594.JPG', '', '2', '2021-07-02', 'Sudah Dikirim', '', 0),
(187, 1491000, 'BRI595.JPG', '', '2', '2021-07-02', 'Sudah Dikirim', '', 0),
(188, 1641000, 'BRI596.JPG', '', '2', '2021-07-02', 'Sudah Dikirim', '', 0),
(189, 1216000, 'BRI597.JPG', '', '2', '2021-07-02', 'Sudah Dikirim', '', 0),
(190, 4525000, 'BRI598.JPG', '', '1', '2021-07-02', 'Sudah Dikirim', '', 0),
(191, 5130000, 'BRI599.JPG', '', '1', '2021-07-02', 'Sudah Dikirim', '', 0),
(192, 4770000, 'BRI5210.JPG', '', '1', '2021-07-02', 'Sudah Dikirim', '', 0),
(193, 5875000, 'BRI5211.JPG', '', '1', '2021-07-02', 'Sudah Dikirim', '', 0),
(194, 3390000, 'BRI5212.JPG', '', '1', '2021-07-02', 'Sudah Dikirim', '', 0),
(195, 5700000, 'BRI5213.JPG', '', '1', '2021-07-02', 'Sudah Dikirim', '', 0),
(196, 6065000, 'BRI5214.JPG', '', '1', '2021-07-02', 'Sudah Dikirim', '', 0),
(197, 1345000, 'BRI5215.JPG', '', '1', '2021-07-02', 'Sudah Dikirim', '', 0),
(198, 3065000, 'BRI5216.JPG', '', '1', '2021-07-02', 'Sudah Dikirim', '', 0),
(199, 5600000, 'BRI5217.JPG', '', '1', '2021-07-02', 'Sudah Dikirim', '', 0),
(200, 5335000, 'BRI5218.JPG', '', '1', '2021-07-02', 'Sudah Dikirim', '', 0),
(201, 5965000, 'BRI5219.JPG', '', '1', '2021-07-02', 'Sudah Dikirim', '', 0);

-- --------------------------------------------------------

--
-- Struktur dari tabel `tbl_produk`
--

CREATE TABLE `tbl_produk` (
  `id_produk` int(10) NOT NULL,
  `nama_produk` varchar(50) NOT NULL,
  `harga_beli` int(11) NOT NULL,
  `harga_jual` int(11) NOT NULL,
  `stok_produk` int(11) NOT NULL,
  `kategori_produk` varchar(50) NOT NULL,
  `foto_produk` varchar(255) NOT NULL,
  `foto_produk1` text NOT NULL,
  `foto_produk2` text NOT NULL,
  `foto_produk3` text NOT NULL,
  `foto_produk4` text NOT NULL,
  `foto_produk5` text NOT NULL,
  `deskripsi_produk` text NOT NULL,
  `rop` float NOT NULL,
  `eoq` float NOT NULL,
  `aktif` int(1) NOT NULL
) ENGINE=InnoDB DEFAULT CHARSET=latin1;

--
-- Dumping data untuk tabel `tbl_produk`
--

INSERT INTO `tbl_produk` (`id_produk`, `nama_produk`, `harga_beli`, `harga_jual`, `stok_produk`, `kategori_produk`, `foto_produk`, `foto_produk1`, `foto_produk2`, `foto_produk3`, `foto_produk4`, `foto_produk5`, `deskripsi_produk`, `rop`, `eoq`, `aktif`) VALUES
(5, 'Alarm Mobil Merk DHD', 120000, 190000, 50, 'Alarm', 'AM_-_DHD.jpg', '', '', '', '', '', '', 30, 11, 0),
(6, 'Alarm Mobil Merk RWB', 200000, 275000, 56, 'Alarm', 'AM_-_RWB2.jpg', '', '', '', '', '', '', 30, 12, 0),
(7, 'Klakson Mobil Merk RWB', 120000, 175000, 31, 'Klakson', 'KM_-_RWB.png', '', '', '', '', '', '', 27, 11, 0),
(8, 'Klakson Mobil Merk Heto', 120000, 175000, 27, 'Klakson', 'kmheto11.PNG', '', '', '', '', '', '', 27, 12, 0),
(9, 'Sarung Stir Mobil Merk Louis Vuitton', 130000, 200000, 41, 'Sarung_Stir', 'lv1.jpg', '', '', '', '', '', '', 27, 10, 0),
(10, 'Sarung Stir Mobil Merk Exclusive', 35000, 75000, 38, 'Sarung_Stir', 'exc12.PNG', '', '', '', '', '', '', 24, 10, 0),
(11, 'Wiper Mobil Merk Helios', 125000, 185000, 41, 'Wiper', 'wphl12.jpg', '', '', '', '', '', '', 36, 13, 0),
(12, 'Wiper Mobil Merk Dr D Fischer', 60000, 100000, 29, 'Wiper', 'wpddf2.jpg', '', '', '', '', '', '', 36, 13, 0),
(13, 'Wiper Mobil Merk RWB', 60000, 100000, 40, 'Wiper', 'wprwb.jpg', '', '', '', '', '', '', 39, 12, 0),
(15, 'Audio Mobil Merk OWL', 1150000, 1750000, 39, 'Audio', 'AU_-_OWL.jpg', '', '', '', '', '', '', 27, 10, 0),
(16, 'Audio Mobil Merk Embassy', 900000, 1500000, 41, 'Audio', 'AU_-_Embassy.jpg', '', '', '', '', '', '', 24, 10, 0),
(17, 'Audio Mobil Merk Tensfox', 900000, 1500000, 33, 'Audio', 'AU_-_Tensfox.jpg', '', '', '', '', '', '', 27, 10, 0),
(18, 'Audio Mobil Merk JBL', 1850000, 2750000, 39, 'Audio', 'AU_-_JBL2.jpg', '', '', '', '', '', '', 24, 10, 0),
(19, 'Audio Mobil Merk XPlod', 700000, 1300000, 24, 'Audio', 'AU_-_XPlod.jpg', '', '', '', '', '', '', 27, 11, 0),
(20, 'Audio Mobil Merk ORCA', 1600000, 2500000, 47, 'Audio', 'AU_-_ORCA.jpg', '', '', '', '', '', '', 27, 10, 0),
(21, 'TV Mobil Merk Skeleton', 1100000, 1800000, 35, 'TV', 'TV_-_Skeleton.jpg', '', '', '', '', '', '', 21, 10, 0),
(22, 'TV Mobil Merk DHD', 700000, 1300000, 39, 'TV', 'TV_-_DHD2.jpg', '', '', '', '', '', '', 27, 10, 0),
(23, 'TV Mobil Merk Pioneer', 1800000, 2600000, 37, 'TV', 'TV_-_Pioneer.jpg', '', '', '', '', '', '', 24, 10, 0),
(24, 'Sarung Jok Mobil Merk Lederlux', 1200000, 1800000, 32, 'Sarung_Jok', 'SJLederlux11.jpg', '', '', '', '', '', '', 18, 8, 0),
(25, 'Sarung Jok Mobil Merk MBTech', 650000, 1100000, 39, 'Sarung_Jok', 'SJMBTech3.jpg', '', '', '', '', '', '', 21, 8, 0);

-- --------------------------------------------------------

--
-- Struktur dari tabel `tbl_transaksi`
--

CREATE TABLE `tbl_transaksi` (
  `id_transaksi` int(10) NOT NULL,
  `id_produk` int(10) NOT NULL,
  `id_pembayaran` int(10) NOT NULL,
  `id_user` int(10) NOT NULL,
  `tgl_transaksi` date NOT NULL,
  `qty_transaksi` int(11) NOT NULL,
  `total_transaksi` int(11) NOT NULL,
  `id_kurir` int(11) NOT NULL,
  `komentar` text NOT NULL,
  `aktif` int(1) NOT NULL
) ENGINE=InnoDB DEFAULT CHARSET=latin1;

--
-- Dumping data untuk tabel `tbl_transaksi`
--

INSERT INTO `tbl_transaksi` (`id_transaksi`, `id_produk`, `id_pembayaran`, `id_user`, `tgl_transaksi`, `qty_transaksi`, `total_transaksi`, `id_kurir`, `komentar`, `aktif`) VALUES
(1, 15, 32, 29, '2021-06-30', 8, 14000000, 1, '', 2),
(2, 15, 33, 29, '2021-06-30', 9, 15750000, 2, '', 2),
(3, 15, 34, 29, '2021-06-30', 8, 14000000, 2, '', 2),
(4, 15, 35, 29, '2021-06-30', 7, 12250000, 1, '', 2),
(5, 15, 36, 29, '2021-06-30', 5, 8750000, 2, '', 2),
(6, 15, 37, 29, '2021-06-30', 4, 7000000, 2, '', 2),
(7, 15, 38, 29, '2021-06-30', 5, 8750000, 2, '', 2),
(9, 15, 39, 29, '2021-06-30', 6, 10500000, 2, '', 2),
(12, 15, 40, 29, '2021-06-30', 5, 8750000, 2, '', 2),
(13, 15, 41, 29, '2021-06-30', 5, 8750000, 2, '', 2),
(14, 15, 42, 29, '2021-06-30', 3, 5250000, 2, '', 2),
(15, 15, 43, 29, '2021-06-30', 6, 10500000, 2, '', 2),
(16, 16, 44, 27, '2021-06-30', 7, 10500000, 2, '', 2),
(17, 16, 45, 27, '2021-06-30', 6, 9000000, 2, '', 2),
(18, 16, 46, 27, '2021-06-30', 8, 12000000, 2, '', 2),
(19, 16, 47, 27, '2021-06-30', 5, 7500000, 2, '', 2),
(20, 16, 48, 27, '2021-06-30', 4, 6000000, 2, '', 2),
(21, 16, 49, 27, '2021-06-30', 4, 6000000, 2, '', 2),
(22, 16, 50, 27, '2021-06-30', 5, 7500000, 1, '', 2),
(23, 16, 51, 27, '2021-06-30', 6, 9000000, 1, '', 2),
(24, 16, 52, 27, '2021-06-30', 7, 10500000, 1, '', 2),
(25, 16, 53, 27, '2021-06-30', 7, 10500000, 1, '', 2),
(26, 16, 54, 27, '2021-06-30', 5, 7500000, 1, '', 2),
(27, 16, 55, 27, '2021-06-30', 5, 7500000, 1, '', 2),
(43, 17, 59, 26, '2021-06-30', 5, 7500000, 2, '', 2),
(44, 17, 60, 26, '2021-06-30', 5, 7500000, 2, '', 2),
(45, 17, 61, 26, '2021-06-30', 5, 7500000, 2, '', 2),
(46, 17, 62, 26, '2021-06-30', 6, 9000000, 2, '', 2),
(47, 17, 63, 26, '2021-06-30', 8, 12000000, 2, '', 2),
(48, 17, 64, 26, '2021-06-30', 4, 6000000, 2, '', 2),
(49, 17, 65, 26, '2021-06-30', 6, 9000000, 2, '', 2),
(50, 17, 66, 26, '2021-06-30', 5, 7500000, 2, '', 2),
(52, 17, 67, 26, '2021-06-30', 4, 6000000, 2, '', 2),
(54, 17, 69, 26, '2021-06-30', 8, 12000000, 2, '', 2),
(55, 17, 70, 26, '2021-06-30', 9, 13500000, 2, '', 2),
(56, 17, 71, 26, '2021-06-30', 8, 12000000, 2, '', 2),
(59, 18, 72, 29, '2021-06-30', 4, 11000000, 2, '', 2),
(60, 18, 73, 29, '2021-06-30', 8, 22000000, 2, '', 2),
(61, 18, 74, 29, '2021-06-30', 8, 22000000, 2, '', 2),
(62, 18, 75, 29, '2021-06-30', 6, 16500000, 2, '', 2),
(63, 18, 76, 29, '2021-06-30', 7, 19250000, 2, '', 2),
(64, 18, 77, 29, '2021-06-30', 4, 11000000, 2, '', 2),
(65, 18, 78, 29, '2021-06-30', 7, 19250000, 2, '', 2),
(66, 18, 79, 29, '2021-06-30', 6, 16500000, 2, '', 2),
(67, 18, 80, 29, '2021-06-30', 4, 11000000, 2, '', 2),
(68, 18, 81, 29, '2021-06-30', 7, 19250000, 2, '', 2),
(69, 18, 82, 29, '2021-06-30', 5, 13750000, 2, '', 2),
(70, 18, 83, 29, '2021-06-30', 5, 13750000, 2, '', 2),
(71, 19, 84, 29, '2021-06-30', 8, 10400000, 2, '', 2),
(72, 19, 85, 29, '2021-06-30', 8, 10400000, 2, '', 2),
(73, 19, 86, 29, '2021-06-30', 5, 6500000, 2, '', 2),
(74, 19, 87, 29, '2021-06-30', 9, 11700000, 2, '', 2),
(75, 19, 88, 29, '2021-06-30', 7, 9100000, 2, '', 2),
(76, 19, 89, 29, '2021-06-30', 6, 7800000, 2, '', 2),
(77, 19, 90, 29, '2021-06-30', 8, 10400000, 2, '', 2),
(78, 19, 91, 29, '2021-06-30', 8, 10400000, 2, '', 2),
(79, 19, 92, 29, '2021-06-30', 3, 3900000, 2, '', 2),
(80, 19, 93, 29, '2021-06-30', 4, 5200000, 2, '', 2),
(81, 19, 94, 29, '2021-06-30', 5, 6500000, 2, '', 2),
(82, 19, 95, 29, '2021-06-30', 5, 6500000, 2, '', 2),
(83, 20, 96, 8, '2021-06-30', 5, 12500000, 1, '', 2),
(84, 20, 97, 8, '2021-06-30', 9, 22500000, 1, '', 2),
(85, 20, 98, 8, '2021-06-30', 8, 20000000, 1, '', 2),
(86, 20, 99, 8, '2021-06-30', 5, 12500000, 1, '', 2),
(87, 20, 100, 8, '2021-06-30', 5, 12500000, 1, '', 2),
(88, 20, 101, 8, '2021-06-30', 5, 12500000, 1, '', 2),
(90, 20, 1, 8, '2021-06-30', 8, 20000000, 1, '', 1),
(91, 20, 1, 16, '2021-06-30', 8, 20000000, 1, '', 1),
(92, 20, 102, 29, '2021-06-30', 8, 20000000, 1, '', 2),
(93, 20, 103, 29, '2021-06-30', 4, 10000000, 1, '', 2),
(94, 20, 104, 29, '2021-06-30', 6, 15000000, 1, '', 2),
(96, 8, 105, 8, '2021-06-30', 9, 1575000, 1, '', 2),
(97, 8, 106, 8, '2021-06-30', 6, 1050000, 1, '', 2),
(98, 8, 107, 8, '2021-06-30', 8, 1400000, 1, '', 2),
(99, 8, 108, 8, '2021-06-30', 7, 1225000, 1, '', 2),
(100, 8, 109, 8, '2021-06-30', 7, 1225000, 1, '', 2),
(101, 8, 110, 8, '2021-06-30', 7, 1225000, 1, '', 2),
(102, 8, 111, 8, '2021-06-30', 9, 1575000, 1, '', 2),
(103, 8, 112, 8, '2021-06-30', 8, 1400000, 1, '', 2),
(104, 8, 113, 8, '2021-06-30', 9, 1575000, 1, '', 2),
(105, 8, 114, 8, '2021-06-30', 7, 1225000, 1, '', 2),
(106, 8, 115, 8, '2021-06-30', 8, 1400000, 1, '', 2),
(107, 8, 116, 8, '2021-06-30', 8, 1400000, 1, '', 2),
(108, 25, 117, 9, '2021-07-01', 4, 4400000, 1, '', 2),
(109, 25, 118, 9, '2021-07-01', 3, 3300000, 1, '', 2),
(110, 25, 119, 9, '2021-07-01', 3, 3300000, 1, '', 2),
(111, 25, 120, 9, '2021-07-01', 4, 4400000, 1, '', 2),
(112, 25, 121, 9, '2021-07-01', 1, 1100000, 1, '', 2),
(113, 25, 122, 9, '2021-07-01', 1, 1100000, 1, '', 2),
(114, 25, 123, 9, '2021-07-01', 3, 3300000, 1, '', 2),
(115, 25, 124, 9, '2021-07-01', 4, 4400000, 1, '', 2),
(116, 25, 125, 9, '2021-07-01', 3, 3300000, 1, '', 2),
(117, 25, 126, 9, '2021-07-01', 4, 4400000, 1, '', 2),
(118, 25, 127, 9, '2021-07-01', 4, 4400000, 1, '', 2),
(119, 25, 128, 9, '2021-07-01', 7, 7700000, 1, '', 2),
(120, 24, 129, 26, '2021-07-01', 3, 5400000, 1, '', 2),
(121, 24, 130, 26, '2021-07-01', 4, 7200000, 1, '', 2),
(122, 24, 131, 26, '2021-07-01', 4, 7200000, 1, '', 2),
(123, 24, 132, 26, '2021-07-01', 4, 7200000, 1, '', 2),
(124, 24, 133, 26, '2021-07-01', 3, 5400000, 1, '', 2),
(125, 24, 134, 26, '2021-07-01', 3, 5400000, 1, '', 2),
(126, 24, 135, 26, '2021-07-01', 2, 3600000, 1, '', 2),
(127, 24, 136, 26, '2021-07-01', 4, 7200000, 1, '', 2),
(128, 24, 137, 26, '2021-07-01', 6, 10800000, 1, '', 2),
(129, 24, 138, 26, '2021-07-01', 4, 7200000, 1, '', 2),
(130, 24, 139, 26, '2021-07-01', 5, 9000000, 1, '', 2),
(131, 24, 140, 26, '2021-07-01', 6, 10800000, 1, '', 2),
(132, 21, 141, 30, '2021-07-01', 4, 7200000, 2, '', 2),
(133, 21, 142, 30, '2021-07-01', 5, 9000000, 2, '', 2),
(134, 21, 143, 30, '2021-07-01', 5, 9000000, 2, '', 2),
(135, 21, 144, 30, '2021-07-01', 3, 5400000, 2, '', 2),
(136, 21, 145, 30, '2021-07-01', 6, 10800000, 2, '', 2),
(137, 21, 146, 30, '2021-07-01', 7, 12600000, 2, '', 2),
(138, 21, 147, 30, '2021-07-01', 5, 9000000, 2, '', 2),
(139, 21, 148, 30, '2021-07-01', 5, 9000000, 2, '', 2),
(140, 21, 149, 30, '2021-07-01', 7, 12600000, 2, '', 2),
(141, 21, 150, 30, '2021-07-01', 5, 9000000, 2, '', 2),
(142, 21, 151, 30, '2021-07-01', 7, 12600000, 2, '', 2),
(143, 21, 152, 30, '2021-07-01', 6, 10800000, 2, '', 2),
(144, 22, 153, 30, '2021-07-01', 5, 6500000, 2, '', 2),
(145, 23, 153, 30, '2021-07-01', 8, 20800000, 2, '', 2),
(146, 22, 154, 30, '2021-07-01', 2, 2600000, 2, '', 2),
(147, 23, 154, 30, '2021-07-01', 3, 7800000, 2, '', 2),
(148, 22, 155, 30, '2021-07-01', 7, 9100000, 2, '', 2),
(149, 23, 155, 30, '2021-07-01', 4, 10400000, 2, '', 2),
(150, 22, 156, 30, '2021-07-01', 6, 7800000, 2, '', 2),
(151, 23, 156, 30, '2021-07-01', 5, 13000000, 2, '', 2),
(152, 23, 157, 30, '2021-07-01', 5, 13000000, 2, '', 2),
(153, 22, 157, 30, '2021-07-01', 5, 6500000, 2, '', 2),
(154, 22, 158, 30, '2021-07-01', 2, 2600000, 2, '', 2),
(155, 23, 158, 30, '2021-07-01', 5, 13000000, 2, '', 2),
(156, 22, 159, 30, '2021-07-01', 6, 7800000, 2, '', 2),
(157, 23, 159, 30, '2021-07-01', 2, 5200000, 2, '', 2),
(158, 23, 160, 30, '2021-07-01', 5, 13000000, 2, '', 2),
(159, 22, 160, 30, '2021-07-01', 9, 11700000, 2, '', 2),
(160, 22, 161, 30, '2021-07-01', 3, 3900000, 2, '', 2),
(161, 23, 161, 30, '2021-07-01', 6, 15600000, 2, '', 2),
(162, 23, 162, 30, '2021-07-01', 7, 18200000, 2, '', 2),
(163, 22, 163, 30, '2021-07-01', 7, 9100000, 2, '', 2),
(164, 22, 164, 30, '2021-07-01', 4, 5200000, 2, '', 2),
(165, 23, 164, 30, '2021-07-01', 5, 13000000, 2, '', 2),
(166, 23, 165, 30, '2021-07-01', 8, 20800000, 2, '', 2),
(167, 22, 165, 30, '2021-07-01', 5, 6500000, 2, '', 2),
(168, 13, 166, 31, '2021-07-01', 9, 900000, 2, '', 2),
(169, 12, 166, 31, '2021-07-01', 12, 1200000, 2, '', 2),
(170, 11, 166, 31, '2021-07-01', 10, 1850000, 2, '', 2),
(171, 13, 167, 31, '2021-07-01', 9, 900000, 2, '', 2),
(172, 12, 167, 31, '2021-07-01', 9, 900000, 2, '', 2),
(173, 11, 167, 31, '2021-07-01', 11, 2035000, 2, '', 2),
(174, 13, 168, 31, '2021-07-01', 8, 800000, 2, '', 2),
(175, 12, 168, 31, '2021-07-01', 10, 1000000, 2, '', 2),
(176, 11, 168, 31, '2021-07-01', 11, 2035000, 2, '', 2),
(177, 13, 169, 31, '2021-07-01', 8, 800000, 2, '', 2),
(178, 12, 169, 31, '2021-07-01', 12, 1200000, 2, '', 2),
(179, 11, 169, 31, '2021-07-01', 9, 1665000, 2, '', 2),
(180, 13, 170, 31, '2021-07-01', 8, 800000, 2, '', 2),
(181, 12, 170, 31, '2021-07-01', 9, 900000, 2, '', 2),
(182, 11, 170, 31, '2021-07-01', 7, 1295000, 2, '', 2),
(183, 13, 171, 31, '2021-07-01', 9, 900000, 2, '', 2),
(184, 12, 171, 31, '2021-07-01', 9, 900000, 2, '', 2),
(185, 11, 171, 31, '2021-07-01', 9, 1665000, 2, '', 2),
(186, 13, 172, 31, '2021-07-02', 8, 800000, 2, '', 2),
(187, 12, 172, 31, '2021-07-02', 8, 800000, 2, '', 2),
(188, 11, 172, 31, '2021-07-02', 9, 1665000, 2, '', 2),
(189, 11, 1, 31, '2021-07-02', 9, 1665000, 1, '', 1),
(190, 13, 173, 31, '2021-07-02', 10, 1000000, 2, '', 2),
(191, 12, 173, 31, '2021-07-02', 9, 900000, 2, '', 2),
(192, 11, 173, 31, '2021-07-02', 11, 2035000, 2, '', 2),
(193, 13, 174, 31, '2021-07-02', 8, 800000, 2, '', 2),
(194, 12, 174, 31, '2021-07-02', 11, 1100000, 2, '', 2),
(195, 11, 174, 31, '2021-07-02', 10, 1850000, 2, '', 2),
(196, 13, 175, 31, '2021-07-02', 9, 900000, 2, '', 2),
(197, 12, 175, 31, '2021-07-02', 11, 1100000, 2, '', 2),
(198, 13, 176, 31, '2021-07-02', 11, 1100000, 2, '', 2),
(199, 12, 176, 31, '2021-07-02', 11, 1100000, 2, '', 2),
(200, 11, 176, 31, '2021-07-02', 10, 1850000, 2, '', 2),
(201, 13, 177, 31, '2021-07-02', 13, 1300000, 2, '', 2),
(202, 12, 177, 31, '2021-07-02', 10, 1000000, 2, '', 2),
(203, 11, 177, 31, '2021-07-02', 12, 2220000, 2, '', 2),
(204, 10, 178, 32, '2021-07-02', 6, 450000, 2, '', 2),
(205, 9, 178, 32, '2021-07-02', 5, 1000000, 2, '', 2),
(206, 10, 179, 32, '2021-07-02', 6, 450000, 2, '', 2),
(207, 9, 179, 32, '2021-07-02', 6, 1200000, 2, '', 2),
(208, 10, 180, 32, '2021-07-02', 5, 375000, 2, '', 2),
(209, 9, 180, 32, '2021-07-02', 9, 1800000, 2, '', 2),
(210, 10, 181, 32, '2021-07-02', 6, 450000, 2, '', 2),
(211, 9, 181, 32, '2021-07-02', 8, 1600000, 2, '', 2),
(212, 10, 182, 32, '2021-07-02', 5, 375000, 2, '', 2),
(213, 9, 182, 32, '2021-07-02', 6, 1200000, 2, '', 2),
(214, 10, 183, 32, '2021-07-02', 6, 450000, 2, '', 2),
(215, 9, 183, 32, '2021-07-02', 7, 1400000, 2, '', 2),
(216, 10, 184, 32, '2021-07-02', 5, 375000, 2, '', 2),
(217, 9, 184, 32, '2021-07-02', 6, 1200000, 2, '', 2),
(218, 10, 185, 32, '2021-07-02', 6, 450000, 2, '', 2),
(219, 9, 185, 32, '2021-07-02', 4, 800000, 2, '', 2),
(220, 10, 186, 32, '2021-07-02', 8, 600000, 2, '', 2),
(221, 9, 186, 32, '2021-07-02', 4, 800000, 2, '', 2),
(222, 10, 187, 32, '2021-07-02', 6, 450000, 2, '', 2),
(223, 9, 187, 32, '2021-07-02', 5, 1000000, 2, '', 2),
(224, 10, 188, 32, '2021-07-02', 8, 600000, 2, '', 2),
(225, 9, 188, 32, '2021-07-02', 5, 1000000, 2, '', 2),
(226, 10, 189, 32, '2021-07-02', 5, 375000, 2, '', 2),
(227, 9, 189, 32, '2021-07-02', 4, 800000, 2, '', 2),
(228, 5, 190, 33, '2021-07-02', 9, 1710000, 1, '', 2),
(229, 6, 190, 33, '2021-07-02', 7, 1925000, 1, '', 2),
(230, 7, 190, 33, '2021-07-02', 5, 875000, 1, '', 2),
(231, 5, 191, 33, '2021-07-02', 6, 1140000, 1, '', 2),
(232, 6, 191, 33, '2021-07-02', 10, 2750000, 1, '', 2),
(233, 7, 191, 33, '2021-07-02', 7, 1225000, 1, '', 2),
(234, 5, 192, 33, '2021-07-02', 7, 1330000, 1, '', 2),
(235, 6, 192, 33, '2021-07-02', 8, 2200000, 1, '', 2),
(236, 7, 192, 33, '2021-07-02', 7, 1225000, 1, '', 2),
(237, 5, 193, 33, '2021-07-02', 9, 1710000, 1, '', 2),
(238, 6, 193, 33, '2021-07-02', 9, 2475000, 1, '', 2),
(239, 6, 193, 33, '2021-07-02', 1, 275000, 1, '', 2),
(240, 7, 193, 33, '2021-07-02', 8, 1400000, 1, '', 2),
(241, 5, 194, 33, '2021-07-02', 5, 950000, 1, '', 2),
(242, 6, 194, 33, '2021-07-02', 5, 1375000, 1, '', 2),
(243, 7, 194, 33, '2021-07-02', 6, 1050000, 1, '', 2),
(244, 5, 195, 33, '2021-07-02', 9, 1710000, 1, '', 2),
(245, 6, 195, 33, '2021-07-02', 10, 2750000, 1, '', 2),
(246, 7, 195, 33, '2021-07-02', 7, 1225000, 1, '', 2),
(247, 5, 196, 33, '2021-07-02', 10, 1900000, 1, '', 2),
(248, 6, 196, 33, '2021-07-02', 10, 2750000, 1, '', 2),
(249, 7, 196, 33, '2021-07-02', 8, 1400000, 1, '', 2),
(250, 5, 197, 33, '2021-07-02', 7, 1330000, 1, '', 2),
(251, 6, 198, 33, '2021-07-02', 6, 1650000, 1, '', 2),
(252, 7, 198, 33, '2021-07-02', 8, 1400000, 1, '', 2),
(253, 5, 199, 33, '2021-07-02', 9, 1710000, 1, '', 2),
(254, 6, 199, 33, '2021-07-02', 9, 2475000, 1, '', 2),
(255, 7, 199, 33, '2021-07-02', 8, 1400000, 1, '', 2),
(256, 5, 200, 33, '2021-07-02', 8, 1520000, 1, '', 2),
(257, 6, 200, 33, '2021-07-02', 10, 2750000, 1, '', 2),
(258, 7, 200, 33, '2021-07-02', 6, 1050000, 1, '', 2),
(259, 5, 201, 33, '2021-07-02', 10, 1900000, 1, '', 2),
(260, 6, 201, 33, '2021-07-02', 9, 2475000, 1, '', 2),
(261, 7, 201, 33, '2021-07-02', 9, 1575000, 1, '', 2);

-- --------------------------------------------------------

--
-- Struktur dari tabel `tbl_user`
--

CREATE TABLE `tbl_user` (
  `id_user` int(10) NOT NULL,
  `nama_user` varchar(30) NOT NULL,
  `email_user` varchar(50) NOT NULL,
  `telp_user` varchar(15) NOT NULL,
  `alamat_user` varchar(255) NOT NULL,
  `provinsi_user` varchar(30) NOT NULL,
  `kota_user` varchar(30) NOT NULL,
  `id_kecamatan` int(11) NOT NULL,
  `kecamatan_user` varchar(30) NOT NULL,
  `kode_pos` int(10) NOT NULL,
  `password_user` varchar(255) NOT NULL,
  `level_user` int(1) NOT NULL,
  `aktif` int(1) NOT NULL
) ENGINE=InnoDB DEFAULT CHARSET=latin1;

--
-- Dumping data untuk tabel `tbl_user`
--

INSERT INTO `tbl_user` (`id_user`, `nama_user`, `email_user`, `telp_user`, `alamat_user`, `provinsi_user`, `kota_user`, `id_kecamatan`, `kecamatan_user`, `kode_pos`, `password_user`, `level_user`, `aktif`) VALUES
(1, 'Admin', 'admin@creativeaudio.com', '082390299923', 'Pekanbaru', 'Riau', 'Pekanbaru', 0, '', 28282, '21232f297a57a5a743894a0e4a801fc3', 1, 0),
(5, 'Suparman', 'suparman@gmail.com', '081344563321', 'Jl. Melati Blok A no 12', 'Riau', 'Pekanbaru', 0, '', 28284, 'e10adc3949ba59abbe56e057f20f883e', 0, 0),
(6, 'Satria Dharma Novrianto', 'satria.novrianto@gmail.com', '081371833321', 'Jl. Barau-Barau Blok D no 14', 'Riau', 'Pekanbaru', 1471050, ' Pekanbaru Kota', 28285, '32dda7b3a55cba970c22f1ed612daa7a', 0, 0),
(7, 'Sri Elpi Dahani', 'srielpi@gmail.com', '081375954149', 'Jl. Melati Blok A no 12', 'Riau', 'Pekanbaru', 0, '', 28282, '2a84a825094ad829052f43d0e391086e', 0, 0),
(8, 'Sylva Qamara Nur Fadilah', 'sylvaqamara@gmail.com', '081375454149', 'Jl. Melati Blok A no 12', 'Riau', 'Pekanbaru', 1801064, ' Air Hitam', 28285, '49cfcf6e21578b4c8cae9ad84cd4fadc', 0, 0),
(9, 'Satria Dharma Novrianto', 'satriadharman@gmail.com', '081371833321', 'Jl. Barau-Barau Blok D no 14', 'Riau', 'Pekanbaru', 1471050, ' Pekanbaru Kota', 28285, '079eab106bf84a549303681421477c03', 0, 0),
(11, 'Akun Tester', 'tester@gmail.com', '082390299923', 'Jl. Rumbai', 'Riau', 'Pekanbaru', 0, 'Bukit Raya', 28282, 'e10adc3949ba59abbe56e057f20f883e', 0, 1),
(12, 'Satria Dharma Novrianto', 'satria16si@mahasiswa.pcr.ac.id', '', '', '', '', 0, '', 0, '7470a1190ab8f69605c5baf35d481f1e', 0, 1),
(13, 'Satria Dharma Novrianto', 'satria.dharma11@gmail.com', '081371833321', 'Jl. Barau-Barau Blok D no 14', 'Riau', 'Pekanbaru', 0, 'Rumbai Pesisir', 28285, '079eab106bf84a549303681421477c03', 0, 0),
(14, 'Satria Dharma Novrianto', 'satria.dharma12@gmail.com', '', '', '', '', 0, '', 0, '477054c78baea7a1242f79d898a2ca46', 0, 1),
(16, 'Dimas', 'dimas@gmail.com', '081271729987', 'Jl. Melati Blok A no 12', 'Riau', 'Pekanbaru', 0, '', 28287, '7d49e40f4b3d8f68c19406a58303f826', 0, 0),
(17, 'Putra Adi', 'fitraarrafiq@gmail.com', '08135845847', 'Jl. Barau-Barau', 'Aceh', 'Kab. Aceh Jaya', 1603084, ' Abab', 200000, '06719b92a71ed5e601ca66a1f1984fec', 0, 1),
(18, 'SatriaDN', 'satria.dn@gmail.com', '', '', '', '', 5107050, '', 1, '235e8cbdc61f694d398a9e54a1b8e438', 0, 1),
(19, 'agus', 'agus@gmail.com', '082991122222', 'Jalan jalan-jalan', 'Aceh', 'Kab. Aceh Barat', 5107050, ' Abang', 28265, '01c3c766ce47082b1b130daedd347ffd', 0, 1),
(20, 'Marco', 'marco@gmail.com', '081387879874', 'Jl. Barau-Barau Blok D no 14', 'Aceh', 'Kab. Aceh Barat', 5107050, ' Abang', 28285, '9985039da9a041e4e95a6e62e63adf76', 0, 0),
(21, '', 'irfans@gmail.com', '', 'Jl. Melati Blok A no 12', 'Aceh', 'Kab. Aceh Jaya', 5107050, ' Abang', 0, '718b84c99141527de725aeb999ea897d', 0, 1),
(22, '', 'fitri@gmail.com', '', 'Jl. Melati Blok A no 12', 'Aceh', 'Kab. Aceh Barat', 5107050, ' Abang', 0, '8ac99bb12b7c18e27d06fd34fe1203fc', 0, 1),
(23, '', 'sahrul@gmail.com', '', 'Jl. Barau-Barau Blok D no 14', 'Bali', 'Kab. Aceh Besar', 5107050, ' Abang', 0, '0a13f2181961d89b5922f1e8c806a261', 0, 1),
(24, 'Satrio Dharmo Novrianto', 'satrio@gmail.com', '', '', '', '', 0, '', 0, '7470a1190ab8f69605c5baf35d481f1e', 0, 1),
(25, '', 'miaaudina@gmail.com', '', 'Jl. Datuk No 3 Desa Kubang Jaya', 'Aceh', 'Kab. Aceh Barat', 5107050, ' Abang', 0, 'bdd1d217eb3b5c803068c87274b2a13d', 0, 1),
(26, 'Angga Setiawan', 'angga@gmail.com', '081274125821', 'jl. diponegoro no 16', 'Riau', 'Kota Pekanbaru', 1471050, ' Pekanbaru Kota', 28288, '8479c86c7afcb56631104f5ce5d6de62', 0, 0),
(27, 'Citra Kusuma', 'citrakusuma@gmail.com', '081371833333', 'Jambi', 'Jambi', 'Kota Jambi', 1505050, ' Jambi Luar Kota', 29293, 'e260eab6a7c45d139631f72b55d8506b', 0, 0),
(28, 'Jingkrak Setiawan', 'jingkrak@gmail.com', '', '', '', '', 0, '', 0, 'aeef72ce7a85e29d1f2e4d6091e5c582', 0, 1),
(29, 'Nugrah Gustama', 'nugrahgustama@gmail.com', '081271415956', 'Jl. Alamraya', 'Riau', 'Kota Pekanbaru', 1471022, ' Tenayan Raya', 25258, 'b107568d138724e13a00eca1bdfebb25', 0, 0),
(30, 'Arif Setiawan', 'arif.gaul24@gmail.com', '081371822231', 'Jl. Suetomo', 'Riau', 'Kota Pekanbaru', 1471050, ' Pekanbaru Kota', 28287, '0ff6c3ace16359e41e37d40b8301d67f', 0, 0),
(31, 'Julianto Royand', 'julianto@gmail.com', '081341459199', 'Jl. Nangka', 'Riau', 'Kota Pekanbaru', 1471050, ' Pekanbaru Kota', 27274, '0940c0f66e74623aee4102acdf3f916e', 0, 0),
(32, 'Erlangga', 'erlangga@gmail.com', '08719666789', 'Jl. Balam Sempurna km 26', 'Riau', 'Kab. Rokan Hilir', 1971030, ' Pangkal Balam', 55555, '38d937d14aeaf973117ba32a51a09d97', 0, 0),
(33, 'Kelvin Rivaldo', 'kelvin@gmail.com', '081251504149', 'Jl. Pinggir', 'Riau', 'Kab. Rokan Hilir', 1408011, ' Pinggir', 58582, 'b2c6de510d584484d74c9aa9f8fa9f04', 0, 0);

-- --------------------------------------------------------

--
-- Struktur dari tabel `wilayah_kabupaten`
--

CREATE TABLE `wilayah_kabupaten` (
  `id` varchar(4) NOT NULL,
  `provinsi_id` varchar(2) NOT NULL DEFAULT '',
  `nama` varchar(30) NOT NULL
) ENGINE=InnoDB DEFAULT CHARSET=latin1;

--
-- Dumping data untuk tabel `wilayah_kabupaten`
--

INSERT INTO `wilayah_kabupaten` (`id`, `provinsi_id`, `nama`) VALUES
('1101', '11', 'Kab. Simeulue'),
('1102', '11', 'Kab. Aceh Singkil'),
('1103', '11', 'Kab. Aceh Selatan'),
('1104', '11', 'Kab. Aceh Tenggara'),
('1105', '11', 'Kab. Aceh Timur'),
('1106', '11', 'Kab. Aceh Tengah'),
('1107', '11', 'Kab. Aceh Barat'),
('1108', '11', 'Kab. Aceh Besar'),
('1109', '11', 'Kab. Pidie'),
('1110', '11', 'Kab. Bireuen'),
('1111', '11', 'Kab. Aceh Utara'),
('1112', '11', 'Kab. Aceh Barat Daya'),
('1113', '11', 'Kab. Gayo Lues'),
('1114', '11', 'Kab. Aceh Tamiang'),
('1115', '11', 'Kab. Nagan Raya'),
('1116', '11', 'Kab. Aceh Jaya'),
('1117', '11', 'Kab. Bener Meriah'),
('1118', '11', 'Kab. Pidie Jaya'),
('1171', '11', 'Kota Banda Aceh'),
('1172', '11', 'Kota Sabang'),
('1173', '11', 'Kota Langsa'),
('1174', '11', 'Kota Lhokseumawe'),
('1175', '11', 'Kota Subulussalam'),
('1201', '12', 'Kab. Nias'),
('1202', '12', 'Kab. Mandailing Natal'),
('1203', '12', 'Kab. Tapanuli Selatan'),
('1204', '12', 'Kab. Tapanuli Tengah'),
('1205', '12', 'Kab. Tapanuli Utara'),
('1206', '12', 'Kab. Toba Samosir'),
('1207', '12', 'Kab. Labuhan Batu'),
('1208', '12', 'Kab. Asahan'),
('1209', '12', 'Kab. Simalungun'),
('1210', '12', 'Kab. Dairi'),
('1211', '12', 'Kab. Karo'),
('1212', '12', 'Kab. Deli Serdang'),
('1213', '12', 'Kab. Langkat'),
('1214', '12', 'Kab. Nias Selatan'),
('1215', '12', 'Kab. Humbang Hasundutan'),
('1216', '12', 'Kab. Pakpak Bharat'),
('1217', '12', 'Kab. Samosir'),
('1218', '12', 'Kab. Serdang Bedagai'),
('1219', '12', 'Kab. Batu Bara'),
('1220', '12', 'Kab. Padang Lawas Utara'),
('1221', '12', 'Kab. Padang Lawas'),
('1222', '12', 'Kab. Labuhan Batu Selatan'),
('1223', '12', 'Kab. Labuhan Batu Utara'),
('1224', '12', 'Kab. Nias Utara'),
('1225', '12', 'Kab. Nias Barat'),
('1271', '12', 'Kota Sibolga'),
('1272', '12', 'Kota Tanjung Balai'),
('1273', '12', 'Kota Pematang Siantar'),
('1274', '12', 'Kota Tebing Tinggi'),
('1275', '12', 'Kota Medan'),
('1276', '12', 'Kota Binjai'),
('1277', '12', 'Kota Padang Sidempuan'),
('1278', '12', 'Kota Gunungsitoli'),
('1301', '13', 'Kab. Kepulauan Mentawai'),
('1302', '13', 'Kab. Pesisir Selatan'),
('1303', '13', 'Kab. Solok'),
('1304', '13', 'Kab. Sijunjung'),
('1305', '13', 'Kab. Tanah Datar'),
('1306', '13', 'Kab. Padang Pariaman'),
('1307', '13', 'Kab. Agam'),
('1308', '13', 'Kab. Lima Puluh Kota'),
('1309', '13', 'Kab. Pasaman'),
('1310', '13', 'Kab. Solok Selatan'),
('1311', '13', 'Kab. Dharmasraya'),
('1312', '13', 'Kab. Pasaman Barat'),
('1371', '13', 'Kota Padang'),
('1372', '13', 'Kota Solok'),
('1373', '13', 'Kota Sawah Lunto'),
('1374', '13', 'Kota Padang Panjang'),
('1375', '13', 'Kota Bukittinggi'),
('1376', '13', 'Kota Payakumbuh'),
('1377', '13', 'Kota Pariaman'),
('1401', '14', 'Kab. Kuantan Singingi'),
('1402', '14', 'Kab. Indragiri Hulu'),
('1403', '14', 'Kab. Indragiri Hilir'),
('1404', '14', 'Kab. Pelalawan'),
('1405', '14', 'Kab. S I A K'),
('1406', '14', 'Kab. Kampar'),
('1407', '14', 'Kab. Rokan Hulu'),
('1408', '14', 'Kab. Bengkalis'),
('1409', '14', 'Kab. Rokan Hilir'),
('1410', '14', 'Kab. Kepulauan Meranti'),
('1471', '14', 'Kota Pekanbaru'),
('1473', '14', 'Kota D U M A I'),
('1501', '15', 'Kab. Kerinci'),
('1502', '15', 'Kab. Merangin'),
('1503', '15', 'Kab. Sarolangun'),
('1504', '15', 'Kab. Batang Hari'),
('1505', '15', 'Kab. Muaro Jambi'),
('1506', '15', 'Kab. Tanjung Jabung Timur'),
('1507', '15', 'Kab. Tanjung Jabung Barat'),
('1508', '15', 'Kab. Tebo'),
('1509', '15', 'Kab. Bungo'),
('1571', '15', 'Kota Jambi'),
('1572', '15', 'Kota Sungai Penuh'),
('1601', '16', 'Kab. Ogan Komering Ulu'),
('1602', '16', 'Kab. Ogan Komering Ilir'),
('1603', '16', 'Kab. Muara Enim'),
('1604', '16', 'Kab. Lahat'),
('1605', '16', 'Kab. Musi Rawas'),
('1606', '16', 'Kab. Musi Banyuasin'),
('1607', '16', 'Kab. Banyu Asin'),
('1608', '16', 'Kab. Ogan Komering Ulu Selatan'),
('1609', '16', 'Kab. Ogan Komering Ulu Timur'),
('1610', '16', 'Kab. Ogan Ilir'),
('1611', '16', 'Kab. Empat Lawang'),
('1671', '16', 'Kota Palembang'),
('1672', '16', 'Kota Prabumulih'),
('1673', '16', 'Kota Pagar Alam'),
('1674', '16', 'Kota Lubuk Linggau'),
('1701', '17', 'Kab. Bengkulu Selatan'),
('1702', '17', 'Kab. Rejang Lebong'),
('1703', '17', 'Kab. Bengkulu Utara'),
('1704', '17', 'Kab. Kaur'),
('1705', '17', 'Kab. Seluma'),
('1706', '17', 'Kab. Mukomuko'),
('1707', '17', 'Kab. Lebong'),
('1708', '17', 'Kab. Kepahiang'),
('1709', '17', 'Kab. Bengkulu Tengah'),
('1771', '17', 'Kota Bengkulu'),
('1801', '18', 'Kab. Lampung Barat'),
('1802', '18', 'Kab. Tanggamus'),
('1803', '18', 'Kab. Lampung Selatan'),
('1804', '18', 'Kab. Lampung Timur'),
('1805', '18', 'Kab. Lampung Tengah'),
('1806', '18', 'Kab. Lampung Utara'),
('1807', '18', 'Kab. Way Kanan'),
('1808', '18', 'Kab. Tulangbawang'),
('1809', '18', 'Kab. Pesawaran'),
('1810', '18', 'Kab. Pringsewu'),
('1811', '18', 'Kab. Mesuji'),
('1812', '18', 'Kab. Tulang Bawang Barat'),
('1813', '18', 'Kab. Pesisir Barat'),
('1871', '18', 'Kota Bandar Lampung'),
('1872', '18', 'Kota Metro'),
('1901', '19', 'Kab. Bangka'),
('1902', '19', 'Kab. Belitung'),
('1903', '19', 'Kab. Bangka Barat'),
('1904', '19', 'Kab. Bangka Tengah'),
('1905', '19', 'Kab. Bangka Selatan'),
('1906', '19', 'Kab. Belitung Timur'),
('1971', '19', 'Kota Pangkal Pinang'),
('2101', '21', 'Kab. Karimun'),
('2102', '21', 'Kab. Bintan'),
('2103', '21', 'Kab. Natuna'),
('2104', '21', 'Kab. Lingga'),
('2105', '21', 'Kab. Kepulauan Anambas'),
('2171', '21', 'Kota B A T A M'),
('2172', '21', 'Kota Tanjung Pinang'),
('3101', '31', 'Kab. Kepulauan Seribu'),
('3171', '31', 'Kota Jakarta Selatan'),
('3172', '31', 'Kota Jakarta Timur'),
('3173', '31', 'Kota Jakarta Pusat'),
('3174', '31', 'Kota Jakarta Barat'),
('3175', '31', 'Kota Jakarta Utara'),
('3201', '32', 'Kab. Bogor'),
('3202', '32', 'Kab. Sukabumi'),
('3203', '32', 'Kab. Cianjur'),
('3204', '32', 'Kab. Bandung'),
('3205', '32', 'Kab. Garut'),
('3206', '32', 'Kab. Tasikmalaya'),
('3207', '32', 'Kab. Ciamis'),
('3208', '32', 'Kab. Kuningan'),
('3209', '32', 'Kab. Cirebon'),
('3210', '32', 'Kab. Majalengka'),
('3211', '32', 'Kab. Sumedang'),
('3212', '32', 'Kab. Indramayu'),
('3213', '32', 'Kab. Subang'),
('3214', '32', 'Kab. Purwakarta'),
('3215', '32', 'Kab. Karawang'),
('3216', '32', 'Kab. Bekasi'),
('3217', '32', 'Kab. Bandung Barat'),
('3218', '32', 'Kab. Pangandaran'),
('3271', '32', 'Kota Bogor'),
('3272', '32', 'Kota Sukabumi'),
('3273', '32', 'Kota Bandung'),
('3274', '32', 'Kota Cirebon'),
('3275', '32', 'Kota Bekasi'),
('3276', '32', 'Kota Depok'),
('3277', '32', 'Kota Cimahi'),
('3278', '32', 'Kota Tasikmalaya'),
('3279', '32', 'Kota Banjar'),
('3301', '33', 'Kab. Cilacap'),
('3302', '33', 'Kab. Banyumas'),
('3303', '33', 'Kab. Purbalingga'),
('3304', '33', 'Kab. Banjarnegara'),
('3305', '33', 'Kab. Kebumen'),
('3306', '33', 'Kab. Purworejo'),
('3307', '33', 'Kab. Wonosobo'),
('3308', '33', 'Kab. Magelang'),
('3309', '33', 'Kab. Boyolali'),
('3310', '33', 'Kab. Klaten'),
('3311', '33', 'Kab. Sukoharjo'),
('3312', '33', 'Kab. Wonogiri'),
('3313', '33', 'Kab. Karanganyar'),
('3314', '33', 'Kab. Sragen'),
('3315', '33', 'Kab. Grobogan'),
('3316', '33', 'Kab. Blora'),
('3317', '33', 'Kab. Rembang'),
('3318', '33', 'Kab. Pati'),
('3319', '33', 'Kab. Kudus'),
('3320', '33', 'Kab. Jepara'),
('3321', '33', 'Kab. Demak'),
('3322', '33', 'Kab. Semarang'),
('3323', '33', 'Kab. Temanggung'),
('3324', '33', 'Kab. Kendal'),
('3325', '33', 'Kab. Batang'),
('3326', '33', 'Kab. Pekalongan'),
('3327', '33', 'Kab. Pemalang'),
('3328', '33', 'Kab. Tegal'),
('3329', '33', 'Kab. Brebes'),
('3371', '33', 'Kota Magelang'),
('3372', '33', 'Kota Surakarta'),
('3373', '33', 'Kota Salatiga'),
('3374', '33', 'Kota Semarang'),
('3375', '33', 'Kota Pekalongan'),
('3376', '33', 'Kota Tegal'),
('3401', '34', 'Kab. Kulon Progo'),
('3402', '34', 'Kab. Bantul'),
('3403', '34', 'Kab. Gunung Kidul'),
('3404', '34', 'Kab. Sleman'),
('3471', '34', 'Kota Yogyakarta'),
('3501', '35', 'Kab. Pacitan'),
('3502', '35', 'Kab. Ponorogo'),
('3503', '35', 'Kab. Trenggalek'),
('3504', '35', 'Kab. Tulungagung'),
('3505', '35', 'Kab. Blitar'),
('3506', '35', 'Kab. Kediri'),
('3507', '35', 'Kab. Malang'),
('3508', '35', 'Kab. Lumajang'),
('3509', '35', 'Kab. Jember'),
('3510', '35', 'Kab. Banyuwangi'),
('3511', '35', 'Kab. Bondowoso'),
('3512', '35', 'Kab. Situbondo'),
('3513', '35', 'Kab. Probolinggo'),
('3514', '35', 'Kab. Pasuruan'),
('3515', '35', 'Kab. Sidoarjo'),
('3516', '35', 'Kab. Mojokerto'),
('3517', '35', 'Kab. Jombang'),
('3518', '35', 'Kab. Nganjuk'),
('3519', '35', 'Kab. Madiun'),
('3520', '35', 'Kab. Magetan'),
('3521', '35', 'Kab. Ngawi'),
('3522', '35', 'Kab. Bojonegoro'),
('3523', '35', 'Kab. Tuban'),
('3524', '35', 'Kab. Lamongan'),
('3525', '35', 'Kab. Gresik'),
('3526', '35', 'Kab. Bangkalan'),
('3527', '35', 'Kab. Sampang'),
('3528', '35', 'Kab. Pamekasan'),
('3529', '35', 'Kab. Sumenep'),
('3571', '35', 'Kota Kediri'),
('3572', '35', 'Kota Blitar'),
('3573', '35', 'Kota Malang'),
('3574', '35', 'Kota Probolinggo'),
('3575', '35', 'Kota Pasuruan'),
('3576', '35', 'Kota Mojokerto'),
('3577', '35', 'Kota Madiun'),
('3578', '35', 'Kota Surabaya'),
('3579', '35', 'Kota Batu'),
('3601', '36', 'Kab. Pandeglang'),
('3602', '36', 'Kab. Lebak'),
('3603', '36', 'Kab. Tangerang'),
('3604', '36', 'Kab. Serang'),
('3671', '36', 'Kota Tangerang'),
('3672', '36', 'Kota Cilegon'),
('3673', '36', 'Kota Serang'),
('3674', '36', 'Kota Tangerang Selatan'),
('5101', '51', 'Kab. Jembrana'),
('5102', '51', 'Kab. Tabanan'),
('5103', '51', 'Kab. Badung'),
('5104', '51', 'Kab. Gianyar'),
('5105', '51', 'Kab. Klungkung'),
('5106', '51', 'Kab. Bangli'),
('5107', '51', 'Kab. Karang Asem'),
('5108', '51', 'Kab. Buleleng'),
('5171', '51', 'Kota Denpasar'),
('5201', '52', 'Kab. Lombok Barat'),
('5202', '52', 'Kab. Lombok Tengah'),
('5203', '52', 'Kab. Lombok Timur'),
('5204', '52', 'Kab. Sumbawa'),
('5205', '52', 'Kab. Dompu'),
('5206', '52', 'Kab. Bima'),
('5207', '52', 'Kab. Sumbawa Barat'),
('5208', '52', 'Kab. Lombok Utara'),
('5271', '52', 'Kota Mataram'),
('5272', '52', 'Kota Bima'),
('5301', '53', 'Kab. Sumba Barat'),
('5302', '53', 'Kab. Sumba Timur'),
('5303', '53', 'Kab. Kupang'),
('5304', '53', 'Kab. Timor Tengah Selatan'),
('5305', '53', 'Kab. Timor Tengah Utara'),
('5306', '53', 'Kab. Belu'),
('5307', '53', 'Kab. Alor'),
('5308', '53', 'Kab. Lembata'),
('5309', '53', 'Kab. Flores Timur'),
('5310', '53', 'Kab. Sikka'),
('5311', '53', 'Kab. Ende'),
('5312', '53', 'Kab. Ngada'),
('5313', '53', 'Kab. Manggarai'),
('5314', '53', 'Kab. Rote Ndao'),
('5315', '53', 'Kab. Manggarai Barat'),
('5316', '53', 'Kab. Sumba Tengah'),
('5317', '53', 'Kab. Sumba Barat Daya'),
('5318', '53', 'Kab. Nagekeo'),
('5319', '53', 'Kab. Manggarai Timur'),
('5320', '53', 'Kab. Sabu Raijua'),
('5371', '53', 'Kota Kupang'),
('6101', '61', 'Kab. Sambas'),
('6102', '61', 'Kab. Bengkayang'),
('6103', '61', 'Kab. Landak'),
('6104', '61', 'Kab. Pontianak'),
('6105', '61', 'Kab. Sanggau'),
('6106', '61', 'Kab. Ketapang'),
('6107', '61', 'Kab. Sintang'),
('6108', '61', 'Kab. Kapuas Hulu'),
('6109', '61', 'Kab. Sekadau'),
('6110', '61', 'Kab. Melawi'),
('6111', '61', 'Kab. Kayong Utara'),
('6112', '61', 'Kab. Kubu Raya'),
('6171', '61', 'Kota Pontianak'),
('6172', '61', 'Kota Singkawang'),
('6201', '62', 'Kab. Kotawaringin Barat'),
('6202', '62', 'Kab. Kotawaringin Timur'),
('6203', '62', 'Kab. Kapuas'),
('6204', '62', 'Kab. Barito Selatan'),
('6205', '62', 'Kab. Barito Utara'),
('6206', '62', 'Kab. Sukamara'),
('6207', '62', 'Kab. Lamandau'),
('6208', '62', 'Kab. Seruyan'),
('6209', '62', 'Kab. Katingan'),
('6210', '62', 'Kab. Pulang Pisau'),
('6211', '62', 'Kab. Gunung Mas'),
('6212', '62', 'Kab. Barito Timur'),
('6213', '62', 'Kab. Murung Raya'),
('6271', '62', 'Kota Palangka Raya'),
('6301', '63', 'Kab. Tanah Laut'),
('6302', '63', 'Kab. Kota Baru'),
('6303', '63', 'Kab. Banjar'),
('6304', '63', 'Kab. Barito Kuala'),
('6305', '63', 'Kab. Tapin'),
('6306', '63', 'Kab. Hulu Sungai Selatan'),
('6307', '63', 'Kab. Hulu Sungai Tengah'),
('6308', '63', 'Kab. Hulu Sungai Utara'),
('6309', '63', 'Kab. Tabalong'),
('6310', '63', 'Kab. Tanah Bumbu'),
('6311', '63', 'Kab. Balangan'),
('6371', '63', 'Kota Banjarmasin'),
('6372', '63', 'Kota Banjar Baru'),
('6401', '64', 'Kab. Paser'),
('6402', '64', 'Kab. Kutai Barat'),
('6403', '64', 'Kab. Kutai Kartanegara'),
('6404', '64', 'Kab. Kutai Timur'),
('6405', '64', 'Kab. Berau'),
('6409', '64', 'Kab. Penajam Paser Utara'),
('6471', '64', 'Kota Balikpapan'),
('6472', '64', 'Kota Samarinda'),
('6474', '64', 'Kota Bontang'),
('6501', '65', 'Kab. Malinau'),
('6502', '65', 'Kab. Bulungan'),
('6503', '65', 'Kab. Tana Tidung'),
('6504', '65', 'Kab. Nunukan'),
('6571', '65', 'Kota Tarakan'),
('7101', '71', 'Kab. Bolaang Mongondow'),
('7102', '71', 'Kab. Minahasa'),
('7103', '71', 'Kab. Kepulauan Sangihe'),
('7104', '71', 'Kab. Kepulauan Talaud'),
('7105', '71', 'Kab. Minahasa Selatan'),
('7106', '71', 'Kab. Minahasa Utara'),
('7107', '71', 'Kab. Bolaang Mongondow Utara'),
('7108', '71', 'Kab. Siau Tagulandang Biaro'),
('7109', '71', 'Kab. Minahasa Tenggara'),
('7110', '71', 'Kab. Bolaang Mongondow Selatan'),
('7111', '71', 'Kab. Bolaang Mongondow Timur'),
('7171', '71', 'Kota Manado'),
('7172', '71', 'Kota Bitung'),
('7173', '71', 'Kota Tomohon'),
('7174', '71', 'Kota Kotamobagu'),
('7201', '72', 'Kab. Banggai Kepulauan'),
('7202', '72', 'Kab. Banggai'),
('7203', '72', 'Kab. Morowali'),
('7204', '72', 'Kab. Poso'),
('7205', '72', 'Kab. Donggala'),
('7206', '72', 'Kab. Toli-toli'),
('7207', '72', 'Kab. Buol'),
('7208', '72', 'Kab. Parigi Moutong'),
('7209', '72', 'Kab. Tojo Una-una'),
('7210', '72', 'Kab. Sigi'),
('7271', '72', 'Kota Palu'),
('7301', '73', 'Kab. Kepulauan Selayar'),
('7302', '73', 'Kab. Bulukumba'),
('7303', '73', 'Kab. Bantaeng'),
('7304', '73', 'Kab. Jeneponto'),
('7305', '73', 'Kab. Takalar'),
('7306', '73', 'Kab. Gowa'),
('7307', '73', 'Kab. Sinjai'),
('7308', '73', 'Kab. Maros'),
('7309', '73', 'Kab. Pangkajene Dan Kepulauan'),
('7310', '73', 'Kab. Barru'),
('7311', '73', 'Kab. Bone'),
('7312', '73', 'Kab. Soppeng'),
('7313', '73', 'Kab. Wajo'),
('7314', '73', 'Kab. Sidenreng Rappang'),
('7315', '73', 'Kab. Pinrang'),
('7316', '73', 'Kab. Enrekang'),
('7317', '73', 'Kab. Luwu'),
('7318', '73', 'Kab. Tana Toraja'),
('7322', '73', 'Kab. Luwu Utara'),
('7325', '73', 'Kab. Luwu Timur'),
('7326', '73', 'Kab. Toraja Utara'),
('7371', '73', 'Kota Makassar'),
('7372', '73', 'Kota Parepare'),
('7373', '73', 'Kota Palopo'),
('7401', '74', 'Kab. Buton'),
('7402', '74', 'Kab. Muna'),
('7403', '74', 'Kab. Konawe'),
('7404', '74', 'Kab. Kolaka'),
('7405', '74', 'Kab. Konawe Selatan'),
('7406', '74', 'Kab. Bombana'),
('7407', '74', 'Kab. Wakatobi'),
('7408', '74', 'Kab. Kolaka Utara'),
('7409', '74', 'Kab. Buton Utara'),
('7410', '74', 'Kab. Konawe Utara'),
('7471', '74', 'Kota Kendari'),
('7472', '74', 'Kota Baubau'),
('7501', '75', 'Kab. Boalemo'),
('7502', '75', 'Kab. Gorontalo'),
('7503', '75', 'Kab. Pohuwato'),
('7504', '75', 'Kab. Bone Bolango'),
('7505', '75', 'Kab. Gorontalo Utara'),
('7571', '75', 'Kota Gorontalo'),
('7601', '76', 'Kab. Majene'),
('7602', '76', 'Kab. Polewali Mandar'),
('7603', '76', 'Kab. Mamasa'),
('7604', '76', 'Kab. Mamuju'),
('7605', '76', 'Kab. Mamuju Utara'),
('8101', '81', 'Kab. Maluku Tenggara Barat'),
('8102', '81', 'Kab. Maluku Tenggara'),
('8103', '81', 'Kab. Maluku Tengah'),
('8104', '81', 'Kab. Buru'),
('8105', '81', 'Kab. Kepulauan Aru'),
('8106', '81', 'Kab. Seram Bagian Barat'),
('8107', '81', 'Kab. Seram Bagian Timur'),
('8108', '81', 'Kab. Maluku Barat Daya'),
('8109', '81', 'Kab. Buru Selatan'),
('8171', '81', 'Kota Ambon'),
('8172', '81', 'Kota Tual'),
('8201', '82', 'Kab. Halmahera Barat'),
('8202', '82', 'Kab. Halmahera Tengah'),
('8203', '82', 'Kab. Kepulauan Sula'),
('8204', '82', 'Kab. Halmahera Selatan'),
('8205', '82', 'Kab. Halmahera Utara'),
('8206', '82', 'Kab. Halmahera Timur'),
('8207', '82', 'Kab. Pulau Morotai'),
('8271', '82', 'Kota Ternate'),
('8272', '82', 'Kota Tidore Kepulauan'),
('9101', '91', 'Kab. Fakfak'),
('9102', '91', 'Kab. Kaimana'),
('9103', '91', 'Kab. Teluk Wondama'),
('9104', '91', 'Kab. Teluk Bintuni'),
('9105', '91', 'Kab. Manokwari'),
('9106', '91', 'Kab. Sorong Selatan'),
('9107', '91', 'Kab. Sorong'),
('9108', '91', 'Kab. Raja Ampat'),
('9109', '91', 'Kab. Tambrauw'),
('9110', '91', 'Kab. Maybrat'),
('9171', '91', 'Kota Sorong'),
('9401', '94', 'Kab. Merauke'),
('9402', '94', 'Kab. Jayawijaya'),
('9403', '94', 'Kab. Jayapura'),
('9404', '94', 'Kab. Nabire'),
('9408', '94', 'Kab. Kepulauan Yapen'),
('9409', '94', 'Kab. Biak Numfor'),
('9410', '94', 'Kab. Paniai'),
('9411', '94', 'Kab. Puncak Jaya'),
('9412', '94', 'Kab. Mimika'),
('9413', '94', 'Kab. Boven Digoel'),
('9414', '94', 'Kab. Mappi'),
('9415', '94', 'Kab. Asmat'),
('9416', '94', 'Kab. Yahukimo'),
('9417', '94', 'Kab. Pegunungan Bintang'),
('9418', '94', 'Kab. Tolikara'),
('9419', '94', 'Kab. Sarmi'),
('9420', '94', 'Kab. Keerom'),
('9426', '94', 'Kab. Waropen'),
('9427', '94', 'Kab. Supiori'),
('9428', '94', 'Kab. Mamberamo Raya'),
('9429', '94', 'Kab. Nduga'),
('9430', '94', 'Kab. Lanny Jaya'),
('9431', '94', 'Kab. Mamberamo Tengah'),
('9432', '94', 'Kab. Yalimo'),
('9433', '94', 'Kab. Puncak'),
('9434', '94', 'Kab. Dogiyai'),
('9435', '94', 'Kab. Intan Jaya'),
('9436', '94', 'Kab. Deiyai'),
('9471', '94', 'Kota Jayapura');

-- --------------------------------------------------------

--
-- Struktur dari tabel `wilayah_kecamatan`
--

CREATE TABLE `wilayah_kecamatan` (
  `id` int(20) NOT NULL,
  `kabupaten_id` bigint(20) DEFAULT NULL,
  `nama` varchar(19) DEFAULT NULL,
  `ongkir` bigint(20) DEFAULT NULL
) ENGINE=InnoDB DEFAULT CHARSET=utf8mb4;

--
-- Dumping data untuk tabel `wilayah_kecamatan`
--

INSERT INTO `wilayah_kecamatan` (`id`, `kabupaten_id`, `nama`, `ongkir`) VALUES
(1101010, 1101, ' Teupah Selatan', 74000),
(1101020, 1101, ' Simeulue Timur', 74000),
(1101021, 1101, ' Teupah Barat', 74000),
(1101022, 1101, ' Teupah Tengah', 74000),
(1101030, 1101, ' Simeulue Tengah', 74000),
(1101031, 1101, ' Teluk Dalam', 74000),
(1101032, 1101, ' Simeulue Cut', 74000),
(1101040, 1101, ' Salang', 74000),
(1101050, 1101, ' Simeulue Barat', 74000),
(1101051, 1101, ' Alafan', 74000),
(1102010, 1102, ' Pulau Banyak', 62000),
(1102011, 1102, ' Pulau Banyak Barat', 62000),
(1102020, 1102, ' Singkil', 62000),
(1102021, 1102, ' Singkil Utara', 62000),
(1102022, 1102, ' Kuala Baru', 62000),
(1102030, 1102, ' Simpang Kanan', 62000),
(1102031, 1102, ' Gunung Meriah', 62000),
(1102032, 1102, ' Danau Paris', 62000),
(1102033, 1102, ' Suro', 62000),
(1102042, 1102, ' Singkohor', 62000),
(1102043, 1102, ' Kota Baharu', 62000),
(1103010, 1103, ' Trumon', 62000),
(1103011, 1103, ' Trumon Timur', 62000),
(1103012, 1103, ' Trumon Tengah', 62000),
(1103020, 1103, ' Bakongan', 62000),
(1103021, 1103, ' Bakongan Timur', 62000),
(1103022, 1103, ' Kota Bahagia', 62000),
(1103030, 1103, ' Kluet Selatan', 62000),
(1103031, 1103, ' Kluet Timur', 62000),
(1103040, 1103, ' Kluet Utara', 62000),
(1103041, 1103, ' Pasie Raja', 62000),
(1103042, 1103, ' Kluet Tengah', 62000),
(1103050, 1103, ' Tapak Tuan', 62000),
(1103060, 1103, ' Sama Dua', 62000),
(1103070, 1103, ' Sawang', 62000),
(1103080, 1103, ' Meukek', 62000),
(1103090, 1103, ' Labuhan Haji', 62000),
(1103091, 1103, ' Labuhan Haji Timur', 62000),
(1103092, 1103, ' Labuhan Haji Barat', 62000),
(1104010, 1104, ' Lawe Alas', 62000),
(1104011, 1104, ' Babul Rahmad', 62000),
(1104012, 1104, ' Tanoh Alas', 62000),
(1104020, 1104, ' Lawe Sigala-gala', 62000),
(1104021, 1104, ' Babul Makmur', 62000),
(1104022, 1104, ' Semadam', 62000),
(1104023, 1104, ' Lauser', 62000),
(1104030, 1104, ' Bambel', 62000),
(1104031, 1104, ' Bukit Tusam', 62000),
(1104032, 1104, ' Lawe Sumur', 62000),
(1104040, 1104, ' Babussalam', 62000),
(1104041, 1104, ' Lawe Bulan', 62000),
(1104050, 1104, ' Badar', 62000),
(1104051, 1104, ' Darul Hasanah', 62000),
(1104052, 1104, ' Ketambe', 62000),
(1104053, 1104, ' Deleng Pokhkisen', 62000),
(1105080, 1105, ' Serba Jadi', 62000),
(1105081, 1105, ' Simpang Jernih', 62000),
(1105082, 1105, ' Peunaron', 62000),
(1105090, 1105, ' Birem Bayeun', 62000),
(1105100, 1105, ' Rantau Selamat', 62000),
(1105101, 1105, ' Sungai Raya', 62000),
(1105110, 1105, ' Peureulak', 62000),
(1105111, 1105, ' Peureulak Timur', 62000),
(1105112, 1105, ' Peureulak Barat', 62000),
(1105120, 1105, ' Ranto Peureulak', 62000),
(1105130, 1105, ' Idi Rayeuk', 62000),
(1105131, 1105, ' Peudawa', 62000),
(1105132, 1105, ' Banda Alam', 62000),
(1105133, 1105, ' Idi Tunong', 62000),
(1105134, 1105, ' Darul Ihsan', 62000),
(1105135, 1105, ' Idi Timur', 62000),
(1105140, 1105, ' Darul Aman', 62000),
(1105150, 1105, ' Nurussalam', 62000),
(1105151, 1105, ' Darul Falah', 62000),
(1105160, 1105, ' Julok', 62000),
(1105161, 1105, ' Indra Makmur', 62000),
(1105170, 1105, ' Pante Bidari', 62000),
(1105180, 1105, ' Simpang Ulim', 62000),
(1105181, 1105, ' Madat', 62000),
(1106010, 1106, ' Linge', 62000),
(1106011, 1106, ' Atu Lintang', 62000),
(1106012, 1106, ' Jagong Jeget', 62000),
(1106020, 1106, ' Bintang', 62000),
(1106031, 1106, ' Lut Tawar', 62000),
(1106032, 1106, ' Kebayakan', 62000),
(1106040, 1106, ' Pegasing', 62000),
(1106041, 1106, ' Bies', 62000),
(1106050, 1106, ' Bebesen', 62000),
(1106051, 1106, ' Kute Panang', 62000),
(1106060, 1106, ' Silih Nara', 62000),
(1106061, 1106, ' Ketol', 62000),
(1106062, 1106, ' Celala', 62000),
(1106063, 1106, ' Rusip Antara', 62000),
(1107050, 1107, ' Johan Pahlawan', 62000),
(1107060, 1107, ' Samatiga', 62000),
(1107061, 1107, ' Bubon', 62000),
(1107062, 1107, ' Arongan Lambalek', 62000),
(1107070, 1107, ' Woyla', 62000),
(1107071, 1107, ' Woyla Barat', 62000),
(1107072, 1107, ' Woyla Timur', 62000),
(1107080, 1107, ' Kaway Xvi', 62000),
(1107081, 1107, ' Meureubo', 62000),
(1107082, 1107, ' Pantai Ceuremen', 62000),
(1107083, 1107, ' Panton Reu', 62000),
(1107090, 1107, ' Sungai Mas', 62000),
(1108010, 1108, ' Lhoong', 62000),
(1108020, 1108, ' Lhoknga', 62000),
(1108021, 1108, ' Leupung', 62000),
(1108030, 1108, ' Indrapuri', 62000),
(1108031, 1108, ' Kuta Cot Glie', 62000),
(1108040, 1108, ' Seulimeum', 62000),
(1108041, 1108, ' Kota Jantho', 62000),
(1108042, 1108, ' Lembah Seulawah', 62000),
(1108050, 1108, ' Mesjid Raya', 62000),
(1108060, 1108, ' Darussalam', 62000),
(1108061, 1108, ' Baitussalam', 62000),
(1108070, 1108, ' Kuta Baro', 62000),
(1108080, 1108, ' Montasik', 62000),
(1108081, 1108, ' Blang Bintang', 62000),
(1108090, 1108, ' Ingin Jaya', 62000),
(1108091, 1108, ' Krueng Barona Jaya', 62000),
(1108100, 1108, ' Suka Makmur', 62000),
(1108101, 1108, ' Kuta Malaka', 62000),
(1108102, 1108, ' Simpang Tiga', 62000),
(1108110, 1108, ' Darul Imarah', 62000),
(1108111, 1108, ' Darul Kamal', 62000),
(1108120, 1108, ' Peukan Bada', 62000),
(1108130, 1108, ' Pulo Aceh', 62000),
(1109010, 1109, ' Geumpang', 62000),
(1109011, 1109, ' Mane', 62000),
(1109070, 1109, ' Glumpang Tiga', 62000),
(1109071, 1109, ' Glumpang Baro', 62000),
(1109080, 1109, ' Mutiara', 62000),
(1109081, 1109, ' Mutiara Timur', 62000),
(1109090, 1109, ' Tiro/truseb', 62000),
(1109100, 1109, ' Tangse', 62000),
(1109111, 1109, ' Keumala', 62000),
(1109112, 1109, ' Titeue', 62000),
(1109120, 1109, ' Sakti', 62000),
(1109130, 1109, ' Mila', 62000),
(1109140, 1109, ' Padang Tiji', 62000),
(1109150, 1109, ' Delima', 62000),
(1109151, 1109, ' Grong Grong', 62000),
(1109160, 1109, ' Indrajaya', 62000),
(1109170, 1109, ' Peukan Baro', 62000),
(1109180, 1109, ' Kembang Tanjong', 62000),
(1109190, 1109, ' Simpang Tiga', 62000),
(1109200, 1109, ' Kota Sigli', 62000),
(1109210, 1109, ' Pidie', 62000),
(1109220, 1109, ' Batee', 62000),
(1109230, 1109, ' Muara Tiga', 62000),
(1110010, 1110, ' Samalanga', 62000),
(1110011, 1110, ' Simpang Mamplam', 62000),
(1110020, 1110, ' Pandrah', 62000),
(1110030, 1110, ' Jeunieb', 62000),
(1110031, 1110, ' Peulimbang', 62000),
(1110040, 1110, ' Peudada', 62000),
(1110050, 1110, ' Juli', 62000),
(1110060, 1110, ' Jeumpa', 62000),
(1110061, 1110, ' Kota Juang', 62000),
(1110062, 1110, ' Kuala', 62000),
(1110070, 1110, ' Jangka', 62000),
(1110080, 1110, ' Peusangan', 62000),
(1110081, 1110, ' Peusangan Selatan', 62000),
(1110082, 1110, ' Peusangan Siblah K', 62000),
(1110090, 1110, ' Makmur', 62000),
(1110100, 1110, ' Ganda Pura', 62000),
(1110101, 1110, ' Kuta Blang', 62000),
(1111010, 1111, ' Sawang', 62000),
(1111020, 1111, ' Nisam', 62000),
(1111021, 1111, ' Nisam Antara', 62000),
(1111022, 1111, ' Banda Baro', 62000),
(1111030, 1111, ' Kuta Makmur', 62000),
(1111031, 1111, ' Simpang Keramat', 62000),
(1111040, 1111, ' Syamtalira Bayu', 62000),
(1111041, 1111, ' Geureudong Pase', 62000),
(1111050, 1111, ' Meurah Mulia', 62000),
(1111060, 1111, ' Matangkuli', 62000),
(1111061, 1111, ' Paya Bakong', 62000),
(1111062, 1111, ' Pirak Timu', 62000),
(1111070, 1111, ' Cot Girek', 62000),
(1111080, 1111, ' Tanah Jambo Aye', 62000),
(1111081, 1111, ' Langkahan', 62000),
(1111090, 1111, ' Seunudon', 62000),
(1111100, 1111, ' Baktiya', 62000),
(1111101, 1111, ' Baktiya Barat', 62000),
(1111110, 1111, ' Lhoksukon', 62000),
(1111120, 1111, ' Tanah Luas', 62000),
(1111121, 1111, ' Nibong', 62000),
(1111130, 1111, ' Samudera', 62000),
(1111140, 1111, ' Syamtalira Aron', 62000),
(1111150, 1111, ' Tanah Pasir', 62000),
(1111151, 1111, ' Lapang', 62000),
(1111160, 1111, ' Muara Batu', 62000),
(1111170, 1111, ' Dewantara', 62000),
(1112010, 1112, ' Manggeng', 62000),
(1112011, 1112, ' Lembah Sabil', 62000),
(1112020, 1112, ' Tangan-tangan', 62000),
(1112021, 1112, ' Setia', 62000),
(1112030, 1112, ' Blang Pidie', 62000),
(1112031, 1112, ' Jeumpa', 62000),
(1112040, 1112, ' Susoh', 62000),
(1112050, 1112, ' Kuala Batee', 62000),
(1112060, 1112, ' Babah Rot', 62000),
(1113010, 1113, ' Kuta Panjang', 62000),
(1113011, 1113, ' Blang Jerango', 62000),
(1113020, 1113, ' Blangkejeren', 62000),
(1113021, 1113, ' Putri Betung', 62000),
(1113022, 1113, ' Dabun Gelang', 62000),
(1113023, 1113, ' Blang Pegayon', 62000),
(1113030, 1113, ' Pining', 62000),
(1113040, 1113, ' Rikit Gaib', 62000),
(1113041, 1113, ' Pantan Cuaca', 62000),
(1113050, 1113, ' Terangun', 62000),
(1113051, 1113, ' Tripe Jaya', 62000),
(1114010, 1114, ' Tamiang Hulu', 62000),
(1114011, 1114, ' Bandar Pusaka', 62000),
(1114020, 1114, ' Kejuruan Muda', 62000),
(1114021, 1114, ' Tenggulun', 62000),
(1114030, 1114, ' Rantau', 62000),
(1114040, 1114, ' Kota Kuala Simpang', 62000),
(1114050, 1114, ' Seruway', 62000),
(1114060, 1114, ' Bendahara', 62000),
(1114061, 1114, ' Banda Mulia', 62000),
(1114070, 1114, ' Karang Baru', 62000),
(1114071, 1114, ' Sekerak', 62000),
(1114080, 1114, ' Manyak Payed', 62000),
(1115010, 1115, ' Darul Makmur', 62000),
(1115011, 1115, ' Tripa Makmur', 62000),
(1115020, 1115, ' Kuala', 62000),
(1115021, 1115, ' Kuala Pesisir', 62000),
(1115022, 1115, ' Tadu Raya', 62000),
(1115030, 1115, ' Beutong', 62000),
(1115031, 1115, ' Beutong Ateuh Bang', 62000),
(1115040, 1115, ' Seunagan', 62000),
(1115041, 1115, ' Suka Makmue', 62000),
(1115050, 1115, ' Seunagan Timur', 62000),
(1116010, 1116, ' Teunom', 62000),
(1116011, 1116, ' Pasie Raya', 62000),
(1116020, 1116, ' Panga', 62000),
(1116030, 1116, ' Krueng Sabee', 62000),
(1116040, 1116, ' Setia Bakti', 62000),
(1116050, 1116, ' Sampoiniet', 62000),
(1116051, 1116, ' Darul Hikmah', 62000),
(1116060, 1116, ' Jaya', 62000),
(1116061, 1116, ' Indra Jaya', 62000),
(1117010, 1117, ' Timang Gajah', 62000),
(1117011, 1117, ' Gajah Putih', 62000),
(1117020, 1117, ' Pintu Rime Gayo', 62000),
(1117030, 1117, ' Bukit', 62000),
(1117040, 1117, ' Wih Pesam', 62000),
(1117050, 1117, ' Bandar', 62000),
(1117051, 1117, ' Bener Kelipah', 62000),
(1117060, 1117, ' Syiah Utama', 62000),
(1117061, 1117, ' Mesidah', 62000),
(1117070, 1117, ' Permata', 62000),
(1118010, 1118, ' Meureudu', 62000),
(1118020, 1118, ' Meurah Dua', 62000),
(1118030, 1118, ' Bandar Dua', 62000),
(1118040, 1118, ' Jangka Buya', 62000),
(1118050, 1118, ' Ulim', 62000),
(1118060, 1118, ' Trienggadeng', 62000),
(1118070, 1118, ' Panteraja', 62000),
(1118080, 1118, ' Bandar Baru', 62000),
(1171010, 1171, ' Meuraxa', 56000),
(1171011, 1171, ' Jaya Baru', 56000),
(1171012, 1171, ' Banda Raya', 56000),
(1171020, 1171, ' Baiturrahman', 56000),
(1171021, 1171, ' Lueng Bata', 56000),
(1171030, 1171, ' Kuta Alam', 56000),
(1171031, 1171, ' Kuta Raja', 56000),
(1171040, 1171, ' Syiah Kuala', 56000),
(1171041, 1171, ' Ulee Kareng', 56000),
(1172010, 1172, ' Sukajaya', 62000),
(1172020, 1172, ' Sukakarya', 62000),
(1173010, 1173, ' Langsa Timur', 62000),
(1173011, 1173, ' Langsa Lama', 62000),
(1173020, 1173, ' Langsa Barat', 62000),
(1173021, 1173, ' Langsa Baro', 62000),
(1173030, 1173, ' Langsa Kota', 62000),
(1174010, 1174, ' Blang Mangat', 62000),
(1174020, 1174, ' Muara Dua', 62000),
(1174021, 1174, ' Muara Satu', 62000),
(1174030, 1174, ' Banda Sakti', 62000),
(1175010, 1175, ' Simpang Kiri', 62000),
(1175020, 1175, ' Penanggalan', 62000),
(1175030, 1175, ' Rundeng', 62000),
(1175040, 1175, ' Sultan Daulat', 62000),
(1175050, 1175, ' Longkib', 62000),
(1201060, 1201, ' Idano Gawo', 30000),
(1201061, 1201, ' Bawolato', 30000),
(1201062, 1201, ' Ulugawo', 30000),
(1201070, 1201, ' Gido', 30000),
(1201081, 1201, ' Ma U', 30000),
(1201082, 1201, ' Somolo - Molo', 30000),
(1201130, 1201, ' Hiliduho', 30000),
(1201131, 1201, ' Hili Serangkai', 30000),
(1201132, 1201, ' Botomuzoi', 30000),
(1202010, 1202, ' Batahan', 28000),
(1202011, 1202, ' Sinunukan', 28000),
(1202020, 1202, ' Batang Natal', 28000),
(1202021, 1202, ' Lingga Bayu', 28000),
(1202022, 1202, ' Ranto Baek', 28000),
(1202030, 1202, ' Kotanopan', 28000),
(1202031, 1202, ' Ulu Pungkut', 28000),
(1202032, 1202, ' Tambangan', 28000),
(1202033, 1202, ' Lembah Sorik Marap', 28000),
(1202034, 1202, ' Puncak Sorik Marap', 28000),
(1202040, 1202, ' Muara Sipongi', 28000),
(1202041, 1202, ' Pakantan', 28000),
(1202050, 1202, ' Panyabungan', 28000),
(1202051, 1202, ' Panyabungan Selata', 28000),
(1202052, 1202, ' Panyabungan Barat', 28000),
(1202053, 1202, ' Panyabungan Utara', 28000),
(1202054, 1202, ' Panyabungan Timur', 28000),
(1202055, 1202, ' Huta Bargot', 28000),
(1202060, 1202, ' Natal', 28000),
(1202070, 1202, ' Muara Batang Gadis', 28000),
(1202080, 1202, ' Siabu', 28000),
(1202081, 1202, ' Bukit Malintang', 28000),
(1202082, 1202, ' Naga Juang', 28000),
(1203010, 1203, ' Batang Angkola', 28000),
(1203011, 1203, ' Sayur Matinggi', 28000),
(1203012, 1203, ' Tano Tombangan Ang', 28000),
(1203070, 1203, ' Angkola Timur', 28000),
(1203080, 1203, ' Angkola Selatan', 28000),
(1203090, 1203, ' Angkola  Barat', 28000),
(1203091, 1203, ' Angkola Sangkunur', 28000),
(1203100, 1203, ' Batang Toru', 28000),
(1203101, 1203, ' Marancar', 28000),
(1203102, 1203, ' Muara Batang Toru', 28000),
(1203110, 1203, ' Sipirok', 28000),
(1203120, 1203, ' Arse', 28000),
(1203160, 1203, ' Saipar Dolok Hole', 28000),
(1203161, 1203, ' Aek Bilah', 28000),
(1204010, 1204, ' Pinang Sori', 26000),
(1204011, 1204, ' Badiri', 26000),
(1204020, 1204, ' Sibabangun', 26000),
(1204021, 1204, ' Lumut', 26000),
(1204022, 1204, ' Sukabangun', 26000),
(1204030, 1204, ' Pandan', 26000),
(1204031, 1204, ' Tukka', 26000),
(1204032, 1204, ' Sarudik', 26000),
(1204040, 1204, ' Tapian Nauli', 26000),
(1204041, 1204, ' Sitahuis', 26000),
(1204050, 1204, ' Kolang', 26000),
(1204060, 1204, ' Sorkam', 26000),
(1204061, 1204, ' Sorkam Barat', 26000),
(1204062, 1204, ' Pasaribu Tobing', 26000),
(1204070, 1204, ' Barus', 26000),
(1204071, 1204, ' Sosor Gadong', 26000),
(1204072, 1204, ' Andam Dewi', 26000),
(1204073, 1204, ' Barus Utara', 26000),
(1204080, 1204, ' Manduamas', 26000),
(1204081, 1204, ' Sirandorung', 26000),
(1205030, 1205, ' Parmonangan', 28000),
(1205040, 1205, ' Adian Koting', 28000),
(1205050, 1205, ' Sipoholon', 28000),
(1205060, 1205, ' Tarutung', 28000),
(1205061, 1205, ' Siatas Barita', 28000),
(1205070, 1205, ' Pahae Julu', 28000),
(1205080, 1205, ' Pahae Jae', 28000),
(1205081, 1205, ' Purbatua', 28000),
(1205082, 1205, ' Simangumban', 28000),
(1205090, 1205, ' Pangaribuan', 28000),
(1205100, 1205, ' Garoga', 28000),
(1205110, 1205, ' Sipahutar', 28000),
(1205120, 1205, ' Siborong-borong', 28000),
(1205130, 1205, ' Pagaran', 28000),
(1205180, 1205, ' Muara', 28000),
(1206030, 1206, ' Balige', 28000),
(1206031, 1206, ' Tampahan', 28000),
(1206040, 1206, ' Laguboti', 28000),
(1206050, 1206, ' Habinsaran', 28000),
(1206051, 1206, ' Borbor', 28000),
(1206052, 1206, ' Nassau', 28000),
(1206060, 1206, ' Silaen', 28000),
(1206061, 1206, ' Sigumpar', 28000),
(1206070, 1206, ' Porsea', 28000),
(1206071, 1206, ' Pintu Pohan Merant', 28000),
(1206072, 1206, ' Siantar Narumonda', 28000),
(1206073, 1206, ' Parmaksian', 28000),
(1206080, 1206, ' Lumban Julu', 28000),
(1206081, 1206, ' Uluan', 28000),
(1206082, 1206, ' Ajibata', 28000),
(1206083, 1206, ' Bonatua Lunasi', 28000),
(1207050, 1207, ' Bilah Hulu', 28000),
(1207070, 1207, ' Pangkatan', 28000),
(1207080, 1207, ' Bilah Barat', 28000),
(1207130, 1207, ' Bilah Hilir', 28000),
(1207140, 1207, ' Panai Hulu', 28000),
(1207150, 1207, ' Panai Tengah', 28000),
(1207160, 1207, ' Panai Hilir', 28000),
(1207210, 1207, ' Rantau Selatan', 28000),
(1207220, 1207, ' Rantau Utara', 28000),
(1208010, 1208, ' Bandar Pasir Mando', 28000),
(1208020, 1208, ' Bandar Pulau', 28000),
(1208021, 1208, ' Aek Songsongan', 28000),
(1208022, 1208, ' Rahuning', 28000),
(1208030, 1208, ' Pulau Rakyat', 28000),
(1208031, 1208, ' Aek Kuasan', 28000),
(1208032, 1208, ' Aek Ledong', 28000),
(1208040, 1208, ' Sei Kepayang', 28000),
(1208041, 1208, ' Sei Kepayang Barat', 28000),
(1208042, 1208, ' Sei Kepayang Timur', 28000),
(1208050, 1208, ' Tanjung Balai', 28000),
(1208060, 1208, ' Simpang Empat', 28000),
(1208061, 1208, ' Teluk Dalam', 28000),
(1208070, 1208, ' Air Batu', 28000),
(1208071, 1208, ' Sei Dadap', 28000),
(1208080, 1208, ' Buntu Pane', 28000),
(1208081, 1208, ' Tinggi Raja', 28000),
(1208082, 1208, ' Setia Janji', 28000),
(1208090, 1208, ' Meranti', 28000),
(1208091, 1208, ' Pulo Bandring', 28000),
(1208092, 1208, ' Rawang Panca Arga', 28000),
(1208100, 1208, ' Air Joman', 28000),
(1208101, 1208, ' Silau Laut', 28000),
(1208160, 1208, ' Kisaran Barat', 28000),
(1208170, 1208, ' Kisaran Timur', 28000),
(1209010, 1209, ' Silimakuta', 28000),
(1209011, 1209, ' Pematang Silimahut', 28000),
(1209020, 1209, ' Purba', 28000),
(1209021, 1209, ' Haranggaol Horison', 28000),
(1209030, 1209, ' Dolok Pardamean', 28000),
(1209040, 1209, ' Sidamanik', 28000),
(1209041, 1209, ' Pematang Sidamanik', 28000),
(1209050, 1209, ' Girsang Sipangan B', 28000),
(1209060, 1209, ' Tanah Jawa', 28000),
(1209061, 1209, ' Hatonduhan', 28000),
(1209070, 1209, ' Dolok Panribuan', 28000),
(1209080, 1209, ' Jorlang Hataran', 28000),
(1209090, 1209, ' Panei', 28000),
(1209091, 1209, ' Panombean Panei', 28000),
(1209100, 1209, ' Raya', 28000),
(1209110, 1209, ' Dolok Silau', 28000),
(1209120, 1209, ' Silau Kahean', 28000),
(1209130, 1209, ' Raya Kahean', 28000),
(1209140, 1209, ' Tapian Dolok', 28000),
(1209150, 1209, ' Dolok Batu Nanggar', 28000),
(1209160, 1209, ' Siantar', 28000),
(1209161, 1209, ' Gunung Malela', 28000),
(1209162, 1209, ' Gunung Maligas', 28000),
(1209170, 1209, ' Hutabayu Raja', 28000),
(1209171, 1209, ' Jawa Maraja Bah Ja', 28000),
(1209180, 1209, ' Pematang Bandar', 28000),
(1209181, 1209, ' Bandar Huluan', 28000),
(1209190, 1209, ' Bandar', 28000),
(1209191, 1209, ' Bandar Masilam', 28000),
(1209200, 1209, ' Bosar Maligas', 28000),
(1209210, 1209, ' Ujung Padang', 28000),
(1210030, 1210, ' Sidikalang', 28000),
(1210031, 1210, ' Berampu', 28000),
(1210032, 1210, ' Sitinjo', 28000),
(1210040, 1210, ' Parbuluan', 28000),
(1210050, 1210, ' Sumbul', 28000),
(1210051, 1210, ' Silahi Sabungan', 28000),
(1210060, 1210, ' Silima Pungga-pung', 28000),
(1210061, 1210, ' Lae Parira', 28000),
(1210070, 1210, ' Siempat Nempu', 28000),
(1210080, 1210, ' Siempat Nempu Hulu', 28000),
(1210090, 1210, ' Siempat Nempu Hili', 28000),
(1210100, 1210, ' Tiga Lingga', 28000),
(1210101, 1210, ' Gunung Sitember', 28000),
(1210110, 1210, ' Pegagan Hilir', 28000),
(1210120, 1210, ' Tanah Pinem', 28000),
(1211010, 1211, ' Mardingding', 28000),
(1211020, 1211, ' Laubaleng', 28000),
(1211030, 1211, ' Tiga Binanga', 28000),
(1211040, 1211, ' Juhar', 28000),
(1211050, 1211, ' Munte', 28000),
(1211060, 1211, ' Kuta Buluh', 28000),
(1211070, 1211, ' Payung', 28000),
(1211071, 1211, ' Tiganderket', 28000),
(1211080, 1211, ' Simpang Empat', 28000),
(1211081, 1211, ' Naman Teran', 28000),
(1211082, 1211, ' Merdeka', 28000),
(1211090, 1211, ' Kabanjahe', 28000),
(1211100, 1211, ' Berastagi', 28000),
(1211110, 1211, ' Tigapanah', 28000),
(1211111, 1211, ' Dolat Rayat', 28000),
(1211120, 1211, ' Merek', 28000),
(1211130, 1211, ' Barusjahe', 28000),
(1212010, 1212, ' Gunung Meriah', 28000),
(1212020, 1212, ' Sinembah Tanjung M', 28000),
(1212030, 1212, ' Sibolangit', 28000),
(1212040, 1212, ' Kutalimbaru', 28000),
(1212050, 1212, ' Pancur Batu', 28000),
(1212060, 1212, ' Namo Rambe', 28000),
(1212070, 1212, ' Biru-biru', 28000),
(1212080, 1212, ' Sinembah Tanjung M', 28000),
(1212090, 1212, ' Bangun Purba', 28000),
(1212190, 1212, ' Galang', 28000),
(1212200, 1212, ' Tanjung Morawa', 28000),
(1212210, 1212, ' Patumbak', 28000),
(1212220, 1212, ' Deli Tua', 28000),
(1212230, 1212, ' Sunggal', 28000),
(1212240, 1212, ' Hamparan Perak', 28000),
(1212250, 1212, ' Labuhan Deli', 28000),
(1212260, 1212, ' Percut Sei Tuan', 28000),
(1212270, 1212, ' Batang Kuis', 28000),
(1212280, 1212, ' Pantai Labu', 28000),
(1212290, 1212, ' Beringin', 28000),
(1212300, 1212, ' Lubuk Pakam', 28000),
(1212310, 1212, ' Pagar Merbau', 28000),
(1213010, 1213, ' Bohorok', 28000),
(1213011, 1213, ' Sirapit', 28000),
(1213020, 1213, ' Salapian', 28000),
(1213021, 1213, ' Kutambaru', 28000),
(1213030, 1213, ' Sei Bingai', 28000),
(1213040, 1213, ' Kuala', 28000),
(1213050, 1213, ' Selesai', 28000),
(1213060, 1213, ' Binjai', 28000),
(1213070, 1213, ' Stabat', 28000),
(1213080, 1213, ' Wampu', 28000),
(1213090, 1213, ' Batang Serangan', 28000),
(1213100, 1213, ' Sawit Seberang', 28000),
(1213110, 1213, ' Padang Tualang', 28000),
(1213120, 1213, ' Hinai', 28000),
(1213130, 1213, ' Secanggang', 28000),
(1213140, 1213, ' Tanjung Pura', 28000),
(1213150, 1213, ' Gebang', 28000),
(1213160, 1213, ' Babalan', 28000),
(1213170, 1213, ' Sei Lepan', 28000),
(1213180, 1213, ' Brandan Barat', 28000),
(1213190, 1213, ' Besitang', 28000),
(1213200, 1213, ' Pangkalan Susu', 28000),
(1213201, 1213, ' Pematang Jaya', 28000),
(1214010, 1214, ' Hibala', 28000),
(1214020, 1214, ' Pulau-pulau Batu', 28000),
(1214021, 1214, ' Pulau-pulau Batu T', 28000),
(1214030, 1214, ' Teluk Dalam', 28000),
(1214031, 1214, ' Fanayama', 28000),
(1214032, 1214, ' Toma', 28000),
(1214033, 1214, ' Maniamolo', 28000),
(1214034, 1214, ' Mazino', 28000),
(1214040, 1214, ' Amandraya', 28000),
(1214041, 1214, ' Aramo', 28000),
(1214050, 1214, ' Lahusa', 28000),
(1214060, 1214, ' Gomo', 28000),
(1214061, 1214, ' Susua', 28000),
(1214062, 1214, ' Mazo', 28000),
(1214063, 1214, ' Umbunasi', 28000),
(1214070, 1214, ' Lolomatua', 28000),
(1214080, 1214, ' Lolowa\'u', 28000),
(1214081, 1214, ' Hilimegai', 28000),
(1215010, 1215, ' Pakkat', 33000),
(1215020, 1215, ' Onan Ganjang', 33000),
(1215030, 1215, ' Sijama Polang', 33000),
(1215040, 1215, ' Dolok Sanggul', 33000),
(1215050, 1215, ' Lintong Nihuta', 33000),
(1215060, 1215, ' Paranginan', 33000),
(1215070, 1215, ' Bakti Raja', 33000),
(1215080, 1215, ' Pollung', 33000),
(1215090, 1215, ' Parlilitan', 33000),
(1215100, 1215, ' Tara Bintang', 33000),
(1216010, 1216, ' Salak', 28000),
(1216011, 1216, ' Sitellu Tali Urang', 28000),
(1216012, 1216, ' Pagindar', 28000),
(1216013, 1216, ' Sitellu Tali Urang', 28000),
(1216014, 1216, ' Pergetteng-getteng', 28000),
(1216020, 1216, ' Kerajaan', 28000),
(1216021, 1216, ' Tinada', 28000),
(1216022, 1216, ' Siempat Rube', 28000),
(1217010, 1217, ' Sianjur Mula Mula', 28000),
(1217020, 1217, ' Harian', 28000),
(1217030, 1217, ' Sitio-tio', 28000),
(1217040, 1217, ' Onan Runggu', 28000),
(1217050, 1217, ' Nainggolan', 28000),
(1217060, 1217, ' Palipi', 28000),
(1217070, 1217, ' Ronggur Nihuta', 28000),
(1217080, 1217, ' Pangururan', 28000),
(1217090, 1217, ' Simanindo', 28000),
(1218010, 1218, ' Kotarih', 28000),
(1218011, 1218, ' Silinda', 28000),
(1218012, 1218, ' Bintang Bayu', 28000),
(1218020, 1218, ' Dolok Masihul', 28000),
(1218021, 1218, ' Serbajadi', 28000),
(1218030, 1218, ' Sipispis', 28000),
(1218040, 1218, ' Dolok Merawan', 28000),
(1218050, 1218, ' Tebingtinggi', 28000),
(1218051, 1218, ' Tebing Syahbandar', 28000),
(1218060, 1218, ' Bandar Khalipah', 28000),
(1218070, 1218, ' Tanjung Beringin', 28000),
(1218080, 1218, ' Sei Rampah', 28000),
(1218081, 1218, ' Sei Bamban', 28000),
(1218090, 1218, ' Teluk Mengkudu', 28000),
(1218100, 1218, ' Perbaungan', 28000),
(1218101, 1218, ' Pegajahan', 28000),
(1218110, 1218, ' Pantai Cermin', 28000),
(1219010, 1219, ' Sei Balai', 28000),
(1219020, 1219, ' Tanjung Tiram', 28000),
(1219030, 1219, ' Talawi', 28000),
(1219040, 1219, ' Limapuluh', 28000),
(1219050, 1219, ' Air Putih', 28000),
(1219060, 1219, ' Sei Suka', 28000),
(1219070, 1219, ' Medang Deras', 28000),
(1220010, 1220, ' Batang Onang', 33000),
(1220020, 1220, ' Padang Bolak Julu', 33000),
(1220030, 1220, ' Portibi', 33000),
(1220040, 1220, ' Padang Bolak', 33000),
(1220050, 1220, ' Simangambat', 33000),
(1220060, 1220, ' Halongonan', 33000),
(1220070, 1220, ' Dolok', 33000),
(1220080, 1220, ' Dolok Sigompulon', 33000),
(1220090, 1220, ' Hulu Sihapas', 33000),
(1221010, 1221, ' Sosopan', 33000),
(1221020, 1221, ' Ulu Barumun', 33000),
(1221030, 1221, ' Barumun', 33000),
(1221031, 1221, ' Barumun Selatan', 33000),
(1221040, 1221, ' Lubuk Barumun', 33000),
(1221050, 1221, ' Sosa', 33000),
(1221060, 1221, ' Batang Lubu Sutam', 33000),
(1221070, 1221, ' Huta Raja Tinggi', 33000),
(1221080, 1221, ' Huristak', 33000),
(1221090, 1221, ' Barumun Tengah', 33000),
(1221091, 1221, ' Aek Nabara Barumun', 33000),
(1221092, 1221, ' Sihapas Barumun', 33000),
(1222010, 1222, ' Sungai Kanan', 30000),
(1222020, 1222, ' Torgamba', 30000),
(1222030, 1222, ' Kota Pinang', 30000),
(1222040, 1222, ' Silangkitang', 30000),
(1222050, 1222, ' Kampung Rakyat', 30000),
(1223010, 1223, ' Na Ix-x', 30000),
(1223020, 1223, ' Marbau', 30000),
(1223030, 1223, ' Aek Kuo', 30000),
(1223040, 1223, ' Aek Natas', 30000),
(1223050, 1223, ' Kualuh Selatan', 30000),
(1223060, 1223, ' Kualuh Hilir', 30000),
(1223070, 1223, ' Kualuh Hulu', 30000),
(1223080, 1223, ' Kualuh Leidong', 30000),
(1224010, 1224, ' Tugala Oyo', 30000),
(1224020, 1224, ' Alasa', 30000),
(1224030, 1224, ' Alasa Talu Muzoi', 30000),
(1224040, 1224, ' Namohalu Esiwa', 30000),
(1224050, 1224, ' Sitolu Ori', 30000),
(1224060, 1224, ' Tuhemberua', 30000),
(1224070, 1224, ' Sawo', 30000),
(1224080, 1224, ' Lotu', 30000),
(1224090, 1224, ' Lahewa Timur', 30000),
(1224100, 1224, ' Afulu', 30000),
(1224110, 1224, ' Lahewa', 30000),
(1225010, 1225, ' Sirombu', 30000),
(1225020, 1225, ' Lahomi', 30000),
(1225030, 1225, ' Ulu Moro O', 30000),
(1225040, 1225, ' Lolofitu Moi', 30000),
(1225050, 1225, ' Mandrehe Utara', 30000),
(1225060, 1225, ' Mandrehe', 30000),
(1225070, 1225, ' Mandrehe Barat', 30000),
(1225080, 1225, ' Moro O', 30000),
(1271010, 1271, ' Sibolga Utara', 28000),
(1271020, 1271, ' Sibolga Kota', 28000),
(1271030, 1271, ' Sibolga Selatan', 28000),
(1271031, 1271, ' Sibolga Sambas', 28000),
(1272010, 1272, ' Datuk Bandar', 34000),
(1272011, 1272, ' Datuk Bandar Timur', 34000),
(1272020, 1272, ' Tanjung Balai Sela', 34000),
(1272030, 1272, ' Tanjung Balai Utar', 34000),
(1272040, 1272, ' Sei Tualang Raso', 34000),
(1272050, 1272, ' Teluk Nibung', 34000),
(1273010, 1273, ' Siantar Marihat', 28000),
(1273011, 1273, ' Siantar Marimbun', 28000),
(1273020, 1273, ' Siantar Selatan', 28000),
(1273030, 1273, ' Siantar Barat', 28000),
(1273040, 1273, ' Siantar Utara', 28000),
(1273050, 1273, ' Siantar Timur', 28000),
(1273060, 1273, ' Siantar Martoba', 28000),
(1273061, 1273, ' Siantar Sitalasari', 28000),
(1274010, 1274, ' Padang Hulu', 28000),
(1274011, 1274, ' Tebing Tinggi Kota', 28000),
(1274020, 1274, ' Rambutan', 28000),
(1274021, 1274, ' Bajenis', 28000),
(1274030, 1274, ' Padang Hilir', 28000),
(1275010, 1275, ' Medan Tuntungan', 22000),
(1275020, 1275, ' Medan Johor', 22000),
(1275030, 1275, ' Medan Amplas', 22000),
(1275040, 1275, ' Medan Denai', 22000),
(1275050, 1275, ' Medan Area', 22000),
(1275060, 1275, ' Medan Kota', 22000),
(1275070, 1275, ' Medan Maimun', 22000),
(1275080, 1275, ' Medan Polonia', 22000),
(1275090, 1275, ' Medan Baru', 22000),
(1275100, 1275, ' Medan Selayang', 22000),
(1275110, 1275, ' Medan Sunggal', 22000),
(1275120, 1275, ' Medan Helvetia', 22000),
(1275130, 1275, ' Medan Petisah', 22000),
(1275140, 1275, ' Medan Barat', 22000),
(1275150, 1275, ' Medan Timur', 22000),
(1275160, 1275, ' Medan Perjuangan', 22000),
(1275170, 1275, ' Medan Tembung', 22000),
(1275180, 1275, ' Medan Deli', 22000),
(1275190, 1275, ' Medan Labuhan', 22000),
(1275200, 1275, ' Medan Marelan', 22000),
(1275210, 1275, ' Medan Belawan', 22000),
(1276010, 1276, ' Binjai Selatan', 28000),
(1276020, 1276, ' Binjai Kota', 28000),
(1276030, 1276, ' Binjai Timur', 28000),
(1276040, 1276, ' Binjai Utara', 28000),
(1276050, 1276, ' Binjai Barat', 28000),
(1277010, 1277, ' Padangsidimpuan Te', 28000),
(1277020, 1277, ' Padangsidimpuan Se', 28000),
(1277030, 1277, ' Padangsidimpuan Ba', 28000),
(1277040, 1277, ' Padangsidimpuan Ut', 28000),
(1277050, 1277, ' Padangsidimpuan Hu', 28000),
(1277051, 1277, ' Padangsidimpuan An', 28000),
(1278010, 1278, ' Gunungsitoli Idano', 28000),
(1278020, 1278, ' Gunungsitoli Selat', 28000),
(1278030, 1278, ' Gunungsitoli Barat', 28000),
(1278040, 1278, ' Gunung Sitoli', 28000),
(1278050, 1278, ' Gunungsitoli Alo O', 28000),
(1278060, 1278, ' Gunungsitoli Utara', 28000),
(1301011, 1301, ' Pagai Selatan', 33000),
(1301012, 1301, ' Sikakap', 33000),
(1301013, 1301, ' Pagai Utara', 33000),
(1301021, 1301, ' Sipora Selatan', 33000),
(1301022, 1301, ' Sipora Utara', 33000),
(1301030, 1301, ' Siberut Selatan', 33000),
(1301031, 1301, ' Seberut Barat Daya', 33000),
(1301032, 1301, ' Siberut Tengah', 33000),
(1301040, 1301, ' Siberut Utara', 33000),
(1301041, 1301, ' Siberut Barat', 33000),
(1302010, 1302, ' Lunang Silaut', 27000),
(1302020, 1302, ' Basa Ampek Balai T', 27000),
(1302030, 1302, ' Pancung Soal', 27000),
(1302040, 1302, ' Linggo Sari Bagant', 27000),
(1302050, 1302, ' Ranah Pesisir', 27000),
(1302060, 1302, ' Lengayang', 27000),
(1302070, 1302, ' Sutera', 27000),
(1302080, 1302, ' Batang Kapas', 27000),
(1302090, 1302, ' Iv Jurai', 27000),
(1302100, 1302, ' Bayang', 27000),
(1302101, 1302, ' Iv  Nagari Bayang ', 27000),
(1302110, 1302, ' Koto Xi Tarusan', 27000),
(1303040, 1303, ' Pantai Cermin', 27000),
(1303050, 1303, ' Lembah Gumanti', 27000),
(1303051, 1303, ' Hiliran Gumanti', 27000),
(1303060, 1303, ' Payung Sekaki', 27000),
(1303061, 1303, ' Tigo Lurah', 27000),
(1303070, 1303, ' Lembang Jaya', 27000),
(1303071, 1303, ' Danau Kembar', 27000),
(1303080, 1303, ' Gunung Talang', 27000),
(1303090, 1303, ' Bukit Sundi', 27000),
(1303100, 1303, ' Ix Koto Sungai Las', 27000),
(1303110, 1303, ' Kubung', 27000),
(1303120, 1303, ' X Koto Diatas', 27000),
(1303130, 1303, ' X Koto Singkarak', 27000),
(1303140, 1303, ' Junjung Sirih', 27000),
(1304050, 1304, ' Kamang Baru', 27000),
(1304060, 1304, ' Tanjung Gadang', 27000),
(1304070, 1304, ' Sijunjung', 27000),
(1304071, 1304, ' Lubuk Tarok', 27000),
(1304080, 1304, ' Iv Nagari', 27000),
(1304090, 1304, ' Kupitan', 27000),
(1304100, 1304, ' Koto Tujuh', 27000),
(1304110, 1304, ' Sumpur Kudus', 27000),
(1305010, 1305, ' Sepuluh Koto', 27000),
(1305020, 1305, ' Batipuh', 27000),
(1305021, 1305, ' Batipuh Selatan', 27000),
(1305030, 1305, ' Pariangan', 27000),
(1305040, 1305, ' Rambatan', 27000),
(1305050, 1305, ' Lima Kaum', 27000),
(1305060, 1305, ' Tanjung Emas', 27000),
(1305070, 1305, ' Padang Ganting', 27000),
(1305080, 1305, ' Lintau Buo', 27000),
(1305081, 1305, ' Lintau Buo Utara', 27000),
(1305090, 1305, ' Sungayang', 27000),
(1305100, 1305, ' Sungai Tarab', 27000),
(1305110, 1305, ' Salimpaung', 27000),
(1305111, 1305, ' Tanjung Baru', 27000),
(1306010, 1306, ' Batang Anai', 27000),
(1306020, 1306, ' Lubuk Alung', 27000),
(1306021, 1306, ' Sintuk Toboh Gadan', 27000),
(1306030, 1306, ' Ulakan Tapakis', 27000),
(1306040, 1306, ' Nan Sabaris', 27000),
(1306051, 1306, ' Enam Lingkung', 27000),
(1306060, 1306, ' Vii Koto Sungai Sa', 27000),
(1306061, 1306, ' Patamuan', 27000),
(1306062, 1306, ' Padang Sago', 27000),
(1306070, 1306, ' V Koto Kp Dalam', 27000),
(1306071, 1306, ' V Koto Timur', 27000),
(1306080, 1306, ' Sungai Limau', 27000),
(1306081, 1306, ' Batang Gasan', 27000),
(1306090, 1306, ' Sungai Geringging', 27000),
(1306100, 1306, ' Iv Koto Aur Malint', 27000),
(1307010, 1307, ' Tanjung Mutiara', 27000),
(1307020, 1307, ' Lubuk Basung', 27000),
(1307021, 1307, ' Ampek Nagari', 27000),
(1307030, 1307, ' Tanjung Raya', 27000),
(1307040, 1307, ' Matur', 27000),
(1307050, 1307, ' Iv Koto', 27000),
(1307051, 1307, ' Malalak', 27000),
(1307061, 1307, ' Banuhampu', 27000),
(1307062, 1307, ' Sungai Pua', 27000),
(1307070, 1307, ' Ampek Angkek', 27000),
(1307071, 1307, ' Canduang', 27000),
(1307080, 1307, ' Baso', 27000),
(1307090, 1307, ' Tilatang Kamang', 27000),
(1307091, 1307, ' Kamang Magek', 27000),
(1307100, 1307, ' Palembayan', 27000),
(1307110, 1307, ' Palupuh', 27000),
(1308010, 1308, ' Payakumbuh', 27000),
(1308011, 1308, ' Akabiluru', 27000),
(1308020, 1308, ' Luak', 27000),
(1308021, 1308, ' Lareh Sago Halaban', 27000),
(1308022, 1308, ' Situjuah Limo Naga', 27000),
(1308030, 1308, ' Harau', 27000),
(1308040, 1308, ' Guguak', 27000),
(1308041, 1308, ' Mungka', 27000),
(1308050, 1308, ' Suliki', 27000),
(1308051, 1308, ' Bukik Barisan', 27000),
(1308060, 1308, ' Gunuang Omeh', 27000),
(1308070, 1308, ' Kapur Ix', 27000),
(1308080, 1308, ' Pangkalan Koto Bar', 27000),
(1309070, 1309, ' Bonjol', 33000),
(1309071, 1309, ' Tigo Nagari', 33000),
(1309072, 1309, ' Simpang Alahan Mat', 33000),
(1309080, 1309, ' Lubuk Sikaping', 33000),
(1309100, 1309, ' Dua Koto', 33000),
(1309110, 1309, ' Panti', 33000),
(1309111, 1309, ' Padang Gelugur', 33000),
(1309121, 1309, ' Rao', 33000),
(1309122, 1309, ' Mapat Tunggul', 33000),
(1309123, 1309, ' Mapat Tunggul Sela', 33000),
(1309124, 1309, ' Rao Selatan', 33000),
(1309125, 1309, ' Rao Utara', 33000),
(1310010, 1310, ' Sangir', 27000),
(1310020, 1310, ' Sangir Jujuan', 27000),
(1310021, 1310, ' Sangir Balai Jangg', 27000),
(1310030, 1310, ' Sangir Batang Hari', 27000),
(1310040, 1310, ' Sungai Pagu', 27000),
(1310041, 1310, ' Pauah Duo', 27000),
(1310050, 1310, ' Koto Parik Gadang ', 27000),
(1311010, 1311, ' Sungai Rumbai', 27000),
(1311011, 1311, ' Koto Besar', 27000),
(1311012, 1311, ' Asam Jujuhan', 27000),
(1311020, 1311, ' Koto Baru', 27000),
(1311021, 1311, ' Koto Salak', 27000),
(1311022, 1311, ' Tiumang', 27000),
(1311023, 1311, ' Padang Laweh', 27000),
(1311030, 1311, ' Sitiung', 27000),
(1311031, 1311, ' Timpeh', 27000),
(1311040, 1311, ' Pulau Punjung', 27000),
(1311041, 1311, ' Ix Koto', 27000),
(1312010, 1312, ' Sungai Beremas', 27000),
(1312020, 1312, ' Ranah Batahan', 27000),
(1312030, 1312, ' Koto Balingka', 27000),
(1312040, 1312, ' Sungai Aur', 27000),
(1312050, 1312, ' Lembah Malintang', 27000),
(1312060, 1312, ' Gunung Tuleh', 27000),
(1312070, 1312, ' Talamau', 27000),
(1312080, 1312, ' Pasaman', 27000),
(1312090, 1312, ' Luhak Nan Duo', 27000),
(1312100, 1312, ' Sasak Ranah Pasisi', 27000),
(1312110, 1312, ' Kinali', 27000),
(1371010, 1371, ' Bungus Teluk Kabun', 21000),
(1371020, 1371, ' Lubuk Kilangan', 21000),
(1371030, 1371, ' Lubuk Begalung', 21000),
(1371040, 1371, ' Padang Selatan', 21000),
(1371050, 1371, ' Padang Timur', 21000),
(1371060, 1371, ' Padang Barat', 21000),
(1371070, 1371, ' Padang Utara', 21000),
(1371080, 1371, ' Nanggalo', 21000),
(1371090, 1371, ' Kuranji', 21000),
(1371100, 1371, ' Pauh', 21000),
(1371110, 1371, ' Koto Tangah', 21000),
(1372010, 1372, ' Lubuk Sikarah', 27000),
(1372020, 1372, ' Tanjung Harapan', 27000),
(1373010, 1373, ' Silungkang', 27000),
(1373020, 1373, ' Lembah Segar', 27000),
(1373030, 1373, ' Barangin', 27000),
(1373040, 1373, ' Talawi', 27000),
(1374010, 1374, ' Padang Panjang Bar', 27000),
(1374020, 1374, ' Padang Panjang Tim', 27000),
(1375010, 1375, ' Guguk Panjang', 27000),
(1375020, 1375, ' Mandiangin Koto Se', 27000),
(1375030, 1375, ' Aur Birugo Tigo Ba', 27000),
(1376010, 1376, ' Payakumbuh Barat', 27000),
(1376011, 1376, ' Payakumbuh Selatan', 27000),
(1376020, 1376, ' Payakumbuh Timur', 27000),
(1376030, 1376, ' Payakumbuh Utara', 27000),
(1376031, 1376, ' Lamposi Tigo Nagor', 27000),
(1377010, 1377, ' Pariaman Selatan', 27000),
(1377020, 1377, ' Pariaman Tengah', 27000),
(1377021, 1377, ' Pariaman Timur', 27000),
(1377030, 1377, ' Pariaman Utara', 27000),
(1401010, 1401, ' Kuantan Mudik', 13000),
(1401011, 1401, ' Hulu Kuantan', 13000),
(1401012, 1401, ' Gunung Toar', 13000),
(1401013, 1401, ' Pucuk Rantau', 13000),
(1401020, 1401, ' Singingi', 13000),
(1401021, 1401, ' Singingi Hilir', 13000),
(1401030, 1401, ' Kuantan Tengah', 13000),
(1401031, 1401, ' Sentajo Raya', 13000),
(1401040, 1401, ' Benai', 13000),
(1401050, 1401, ' Kuantan Hilir', 13000),
(1401051, 1401, ' Pangean', 13000),
(1401052, 1401, ' Logas Tanah Darat', 13000),
(1401053, 1401, ' Kuantan Hilir Sebe', 13000),
(1401060, 1401, ' Cerenti', 13000),
(1401061, 1401, ' Inuman', 13000),
(1402010, 1402, ' Peranap', 13000),
(1402011, 1402, ' Batang Peranap', 13000),
(1402020, 1402, ' Seberida', 13000),
(1402021, 1402, ' Batang Cenaku', 13000),
(1402022, 1402, ' Batang Gansal', 13000),
(1402030, 1402, ' Kelayang', 13000),
(1402031, 1402, ' Rakit Kulim', 13000),
(1402040, 1402, ' Pasir Penyu', 13000),
(1402041, 1402, ' Lirik', 13000),
(1402042, 1402, ' Sungai Lala', 13000),
(1402043, 1402, ' Lubuk Batu Jaya', 13000),
(1402050, 1402, ' Rengat Barat', 13000),
(1402060, 1402, ' Rengat', 13000),
(1402061, 1402, ' Kuala Cenaku', 13000),
(1403010, 1403, ' Keritang', 13000),
(1403011, 1403, ' Kemuning', 13000),
(1403020, 1403, ' Reteh', 13000),
(1403021, 1403, ' Sungai Batang', 13000),
(1403030, 1403, ' Enok', 13000),
(1403040, 1403, ' Tanah Merah', 13000),
(1403050, 1403, ' Kuala Indragiri', 13000),
(1403051, 1403, ' Concong', 13000),
(1403060, 1403, ' Tembilahan', 13000),
(1403061, 1403, ' Tembilahan Hulu', 13000),
(1403070, 1403, ' Tempuling', 13000),
(1403071, 1403, ' Kempas', 13000),
(1403080, 1403, ' Batang Tuaka', 13000),
(1403090, 1403, ' Gaung Anak Serka', 13000),
(1403100, 1403, ' Gaung', 13000),
(1403110, 1403, ' Mandah', 13000),
(1403120, 1403, ' Kateman', 13000),
(1403121, 1403, ' Pelangiran', 13000),
(1403122, 1403, ' Teluk Belengkong', 13000),
(1403123, 1403, ' Pulau Burung', 13000),
(1404010, 1404, ' Langgam', 13000),
(1404011, 1404, ' Pangkalan Kerinci', 13000),
(1404012, 1404, ' Bandar Seikijang', 13000),
(1404020, 1404, ' Pangkalan Kuras', 13000),
(1404021, 1404, ' Ukui', 13000),
(1404022, 1404, ' Pangkalan Lesung', 13000),
(1404030, 1404, ' Bunut', 13000),
(1404031, 1404, ' Pelalawan', 13000),
(1404032, 1404, ' Bandar Petalangan', 13000),
(1404040, 1404, ' Kuala Kampar', 13000),
(1404041, 1404, ' Kerumutan', 13000),
(1404042, 1404, ' Teluk Meranti', 13000),
(1405010, 1405, ' Minas', 19000),
(1405011, 1405, ' Sungai Mandau', 19000),
(1405012, 1405, ' Kandis', 19000),
(1405020, 1405, ' Siak', 19000),
(1405021, 1405, ' Kerinci Kanan', 19000),
(1405022, 1405, ' Tualang', 19000),
(1405023, 1405, ' Dayun', 19000),
(1405024, 1405, ' Lubuk Dalam', 19000),
(1405025, 1405, ' Koto Gasib', 19000),
(1405026, 1405, ' Mempura', 19000),
(1405030, 1405, ' Sungai Apit', 19000),
(1405031, 1405, ' Bunga Raya', 19000),
(1405032, 1405, ' Sabak Auh', 19000),
(1405033, 1405, ' Pusako', 19000),
(1406010, 1406, ' Kampar Kiri', 13000),
(1406011, 1406, ' Kampar Kiri Hulu', 13000),
(1406012, 1406, ' Kampar Kiri Hilir', 13000),
(1406013, 1406, ' Gunung Sahilan', 13000),
(1406014, 1406, ' Kampar Kiri Tengah', 13000),
(1406020, 1406, ' Xiii Koto Kampar', 13000),
(1406021, 1406, ' Koto Kampar Hulu', 13000),
(1406030, 1406, ' Kuok', 13000),
(1406031, 1406, ' Salo', 13000),
(1406040, 1406, ' Tapung', 13000),
(1406041, 1406, ' Tapung Hulu', 13000),
(1406042, 1406, ' Tapung Hilir', 13000),
(1406050, 1406, ' Bangkinang', 13000),
(1406051, 1406, ' Bangkinang Seberan', 13000),
(1406060, 1406, ' Kampar', 13000),
(1406061, 1406, ' Kampar Timur', 13000),
(1406062, 1406, ' Rumbio Jaya', 13000),
(1406063, 1406, ' Kampar Utara', 13000),
(1406070, 1406, ' Tambang', 13000),
(1406080, 1406, ' Siak Hulu', 13000),
(1406081, 1406, ' Perhentian Raja', 13000),
(1407010, 1407, ' Rokan Iv Koto', 13000),
(1407011, 1407, ' Pendalian Iv Koto', 13000),
(1407020, 1407, ' Tandun', 13000),
(1407021, 1407, ' Kabun', 13000),
(1407022, 1407, ' Ujung Batu', 13000),
(1407030, 1407, ' Rambah Samo', 13000),
(1407040, 1407, ' Rambah', 13000),
(1407041, 1407, ' Rambah Hilir', 13000),
(1407042, 1407, ' Bangun Purba', 13000),
(1407050, 1407, ' Tambusai', 13000),
(1407051, 1407, ' Tambusai Utara', 13000),
(1407060, 1407, ' Kepenuhan', 13000),
(1407061, 1407, ' Kepenuhan Hulu', 13000),
(1407070, 1407, ' Kunto Darussalam', 13000),
(1407071, 1407, ' Pagaran Tapah Daru', 13000),
(1407072, 1407, ' Bonai Darussalam', 13000),
(1408010, 1408, ' Mandau', 13000),
(1408011, 1408, ' Pinggir', 13000),
(1408020, 1408, ' Bukit Batu', 13000),
(1408021, 1408, ' Siak Kecil', 13000),
(1408030, 1408, ' Rupat', 13000),
(1408031, 1408, ' Rupat Utara', 13000),
(1408040, 1408, ' Bengkalis', 13000),
(1408050, 1408, ' Bantan', 13000),
(1409010, 1409, ' Tanah Putih', 18000),
(1409011, 1409, ' Pujud', 18000),
(1409012, 1409, ' Tanah Putih Tanjun', 18000),
(1409013, 1409, ' Rantau Kopar', 18000),
(1409020, 1409, ' Bagan Sinembah', 18000),
(1409021, 1409, ' Simpang Kanan', 18000),
(1409030, 1409, ' Kubu', 18000),
(1409031, 1409, ' Pasir Limau Kapas', 18000),
(1409032, 1409, ' Kubu Babussalam', 18000),
(1409040, 1409, ' Bangko', 18000),
(1409041, 1409, ' Sinaboi', 18000),
(1409042, 1409, ' Batu Hampar', 18000),
(1409043, 1409, ' Pekaitan', 18000),
(1409050, 1409, ' Rimba Melintang', 18000),
(1409051, 1409, ' Bangko Pusako', 18000),
(1410010, 1410, ' Tebing Tinggi Bara', 16000),
(1410020, 1410, ' Tebing Tinggi', 16000),
(1410021, 1410, ' Tebing Tinggi Timu', 16000),
(1410030, 1410, ' Rangsang', 16000),
(1410031, 1410, ' Rangsang Pesisir', 16000),
(1410040, 1410, ' Rangsang Barat', 16000),
(1410050, 1410, ' Merbau', 16000),
(1410051, 1410, ' Pulau Merbau', 16000),
(1410052, 1410, ' Putri Puyu', 16000),
(1471010, 1471, ' Tampan', 10000),
(1471011, 1471, ' Payung Sekaki', 10000),
(1471020, 1471, ' Bukit Raya', 10000),
(1471021, 1471, ' Marpoyan Damai', 10000),
(1471022, 1471, ' Tenayan Raya', 10000),
(1471030, 1471, ' Limapuluh', 10000),
(1471040, 1471, ' Sail', 10000),
(1471050, 1471, ' Pekanbaru Kota', 10000),
(1471060, 1471, ' Sukajadi', 10000),
(1471070, 1471, ' Senapelan', 10000),
(1471080, 1471, ' Rumbai', 10000),
(1471081, 1471, ' Rumbai Pesisir', 10000),
(1473010, 1473, ' Bukit Kapur', 13000),
(1473011, 1473, ' Medang Kampai', 13000),
(1473012, 1473, ' Sungai Sembilan', 13000),
(1473020, 1473, ' Dumai Barat', 13000),
(1473021, 1473, ' Dumai Selatan', 13000),
(1473030, 1473, ' Dumai Timur', 13000),
(1473031, 1473, ' Dumai Kota', 13000),
(1501010, 1501, ' Gunung Raya', 28000),
(1501011, 1501, ' Bukit Kerman', 28000),
(1501020, 1501, ' Batang Merangin', 28000),
(1501030, 1501, ' Keliling Danau', 28000),
(1501040, 1501, ' Danau Kerinci', 28000),
(1501050, 1501, ' Sitinjau Laut', 28000),
(1501070, 1501, ' Air Hangat', 28000),
(1501071, 1501, ' Air Hangat Timur', 28000),
(1501072, 1501, ' Depati Vii', 28000),
(1501073, 1501, ' Air Hangat Barat', 28000),
(1501080, 1501, ' Gunung Kerinci', 28000),
(1501081, 1501, ' Siulak', 28000),
(1501082, 1501, ' Siulak Mukai', 28000),
(1501090, 1501, ' Kayu Aro', 28000),
(1501091, 1501, ' Gunung Tujuh', 28000),
(1501092, 1501, ' Kayu Aro Barat', 28000),
(1502010, 1502, ' Jangkat', 28000),
(1502011, 1502, ' Sungai Tenang', 28000),
(1502020, 1502, ' Muara Siau', 28000),
(1502021, 1502, ' Lembah Masurai', 28000),
(1502022, 1502, ' Tiang Pumpung', 28000),
(1502030, 1502, ' Pamenang', 28000),
(1502031, 1502, ' Pamenang Barat', 28000),
(1502032, 1502, ' Renah Pamenang', 28000),
(1502033, 1502, ' Pamenang Selatan', 28000),
(1502040, 1502, ' Bangko', 28000),
(1502041, 1502, ' Bangko Barat', 28000),
(1502042, 1502, ' Nalo Tantan', 28000),
(1502043, 1502, ' Batang Masumai', 28000),
(1502050, 1502, ' Sungai Manau', 28000),
(1502051, 1502, ' Renah Pembarap', 28000),
(1502052, 1502, ' Pangkalan Jambu', 28000),
(1502060, 1502, ' Tabir', 28000),
(1502061, 1502, ' Tabir Ulu', 28000),
(1502062, 1502, ' Tabir Selatan', 28000),
(1502063, 1502, ' Tabir Ilir', 28000),
(1502064, 1502, ' Tabir Timur', 28000),
(1502065, 1502, ' Tabir Lintas', 28000),
(1502066, 1502, ' Margo Tabir', 28000),
(1502067, 1502, ' Tabir Barat', 28000),
(1503010, 1503, ' Batang Asai', 28000),
(1503020, 1503, ' Limun', 28000),
(1503021, 1503, ' Cermin Nan Gedang', 28000),
(1503030, 1503, ' Pelawan', 28000),
(1503031, 1503, ' Singkut', 28000),
(1503040, 1503, ' Sarolangun', 28000),
(1503041, 1503, ' Bathin Viii', 28000),
(1503050, 1503, ' Pauh', 28000),
(1503051, 1503, ' Air Hitam', 28000),
(1503060, 1503, ' Mandiangin', 28000),
(1504010, 1504, ' Mersam', 28000),
(1504011, 1504, ' Maro Sebo Ulu', 28000),
(1504020, 1504, ' Batin Xxiv', 28000),
(1504030, 1504, ' Muara Tembesi', 28000),
(1504040, 1504, ' Muara Bulian', 28000),
(1504041, 1504, ' Bajubang', 28000),
(1504042, 1504, ' Maro Sebo Ilir', 28000),
(1504050, 1504, ' Pemayung', 28000),
(1505010, 1505, ' Mestong', 28000),
(1505011, 1505, ' Sungai Bahar', 28000),
(1505012, 1505, ' Bahar Selatan', 28000),
(1505013, 1505, ' Bahar Utara', 28000),
(1505020, 1505, ' Kumpeh Ulu', 28000),
(1505021, 1505, ' Sungai Gelam', 28000),
(1505030, 1505, ' Kumpeh', 28000),
(1505040, 1505, ' Maro Sebo', 28000),
(1505041, 1505, ' Taman Rajo', 28000),
(1505050, 1505, ' Jambi Luar Kota', 28000),
(1505060, 1505, ' Sekernan', 28000),
(1506010, 1506, ' Mendahara', 28000),
(1506011, 1506, ' Mendahara Ulu', 28000),
(1506012, 1506, ' Geragai', 28000),
(1506020, 1506, ' Dendang', 28000),
(1506031, 1506, ' Muara Sabak Barat', 28000),
(1506032, 1506, ' Muara Sabak Timur', 28000),
(1506033, 1506, ' Kuala Jambi', 28000),
(1506040, 1506, ' Rantau Rasau', 28000),
(1506041, 1506, ' Berbak', 28000),
(1506050, 1506, ' Nipah Panjang', 28000),
(1506060, 1506, ' Sadu', 28000),
(1507010, 1507, ' Tungkal Ulu', 28000),
(1507011, 1507, ' Merlung', 28000),
(1507012, 1507, ' Batang Asam', 28000),
(1507013, 1507, ' Tebing Tinggi', 28000),
(1507014, 1507, ' Renah Mendaluh', 28000),
(1507015, 1507, ' Muara Papalik', 28000),
(1507020, 1507, ' Pengabuan', 28000),
(1507021, 1507, ' Senyerang', 28000),
(1507030, 1507, ' Tungkal Ilir', 28000),
(1507031, 1507, ' Bram Itam', 28000),
(1507032, 1507, ' Seberang Kota', 28000),
(1507040, 1507, ' Betara', 28000),
(1507041, 1507, ' Kuala Betara', 28000),
(1508010, 1508, ' Tebo Ilir', 28000),
(1508011, 1508, ' Muara Tabir', 28000),
(1508020, 1508, ' Tebo Tengah', 28000),
(1508021, 1508, ' Sumay', 28000),
(1508022, 1508, ' Tengah Ilir', 28000),
(1508030, 1508, ' Rimbo Bujang', 28000),
(1508031, 1508, ' Rimbo Ulu', 28000),
(1508032, 1508, ' Rimbo Ilir', 28000),
(1508040, 1508, ' Tebo Ulu', 28000),
(1508041, 1508, ' Vii Koto', 28000),
(1508042, 1508, ' Serai Serumpun', 28000),
(1508043, 1508, ' Vii Koto Ilir', 28000),
(1509010, 1509, ' Pelepat', 28000),
(1509011, 1509, ' Pelepat Ilir', 28000),
(1509021, 1509, ' Bathin Ii Babeko', 28000),
(1509022, 1509, ' Rimbo Tengah', 28000),
(1509023, 1509, ' Bungo Dani', 28000),
(1509024, 1509, ' Pasar Muara Bungo', 28000),
(1509025, 1509, ' Bathin Iii', 28000),
(1509030, 1509, ' Rantau Pandan', 28000),
(1509031, 1509, ' Muko-muko Bathin V', 28000),
(1509032, 1509, ' Bathin Iii Ulu', 28000),
(1509040, 1509, ' Tanah Sepenggal', 28000),
(1509041, 1509, ' Tanah Sepenggal Li', 28000),
(1509050, 1509, ' Tanah Tumbuh', 28000),
(1509051, 1509, ' Limbur Lubuk Mengk', 28000),
(1509052, 1509, ' Bathin Ii Pelayang', 28000),
(1509060, 1509, ' Jujuhan', 28000),
(1509061, 1509, ' Jujuhan Ilir', 28000),
(1571010, 1571, ' Kota Baru', 22000),
(1571020, 1571, ' Jambi Selatan', 22000),
(1571030, 1571, ' Jelutung', 22000),
(1571040, 1571, ' Pasar Jambi', 22000),
(1571050, 1571, ' Telanaipura', 22000),
(1571060, 1571, ' Danau Teluk', 22000),
(1571070, 1571, ' Pelayangan', 22000),
(1571080, 1571, ' Jambi Timur', 22000),
(1572010, 1572, ' Tanah Kampung', 28000),
(1572020, 1572, ' Kumun Debai', 28000),
(1572030, 1572, ' Sungai Penuh', 28000),
(1572031, 1572, ' Pondok Tingggi', 28000),
(1572032, 1572, ' Sungai Bungkal', 28000),
(1572040, 1572, ' Hamparan Rawang', 28000),
(1572050, 1572, ' Pesisir Bukit', 28000),
(1572051, 1572, ' Koto Baru', 28000),
(1601052, 1601, ' Lengkiti', 36000),
(1601070, 1601, ' Sosoh Buay Rayap', 36000),
(1601080, 1601, ' Pengandonan', 36000),
(1601081, 1601, ' Semidang Aji', 36000),
(1601082, 1601, ' Ulu Ogan', 36000),
(1601083, 1601, ' Muara Jaya', 36000),
(1601090, 1601, ' Peninjauan', 36000),
(1601091, 1601, ' Lubuk Batang', 36000),
(1601092, 1601, ' Sinar Peninjauan', 36000),
(1601130, 1601, ' Batu Raja Timur', 36000),
(1601131, 1601, ' Lubuk Raja', 36000),
(1601140, 1601, ' Batu Raja Barat', 36000),
(1602010, 1602, ' Lempuing', 30000),
(1602011, 1602, ' Lempuing Jaya', 30000),
(1602020, 1602, ' Mesuji', 30000),
(1602021, 1602, ' Sungai Menang', 30000),
(1602022, 1602, ' Mesuji Makmur', 30000),
(1602023, 1602, ' Mesuji Raya', 30000),
(1602030, 1602, ' Tulung Selapan', 30000),
(1602031, 1602, ' Cengal', 30000),
(1602040, 1602, ' Pedamaran', 30000),
(1602041, 1602, ' Pedamaran Timur', 30000),
(1602050, 1602, ' Tanjung Lubuk', 30000),
(1602051, 1602, ' Teluk Gelam', 30000),
(1602060, 1602, ' Kota Kayu Agung', 30000),
(1602120, 1602, ' Sirah Pulau Padang', 30000),
(1602121, 1602, ' Jejawi', 30000),
(1602130, 1602, ' Pampangan', 30000),
(1602131, 1602, ' Pangkalan Lapam', 30000),
(1602140, 1602, ' Air Sugihan', 30000),
(1603010, 1603, ' Semendo Darat Laut', 30000),
(1603011, 1603, ' Semendo Darat Ulu', 30000),
(1603012, 1603, ' Semendo Darat Teng', 30000),
(1603020, 1603, ' Tanjung Agung', 30000),
(1603031, 1603, ' Rambang', 30000),
(1603032, 1603, ' Lubai', 30000),
(1603040, 1603, ' Lawang Kidul', 30000),
(1603050, 1603, ' Muara Enim', 30000),
(1603051, 1603, ' Ujan Mas', 30000),
(1603060, 1603, ' Gunung Megang', 30000),
(1603061, 1603, ' Benakat', 30000),
(1603062, 1603, ' Belimbing', 30000),
(1603070, 1603, ' Rambang Dangku', 30000),
(1603080, 1603, ' Talang Ubi', 30000),
(1603081, 1603, ' Penukal', 30000),
(1603082, 1603, ' Tanah Abang', 30000),
(1603083, 1603, ' Penukal Utara', 30000),
(1603084, 1603, ' Abab', 30000),
(1603090, 1603, ' Gelumbang', 30000),
(1603091, 1603, ' Lembak', 30000),
(1603092, 1603, ' Sungai Rotan', 30000),
(1603093, 1603, ' Muara Belida', 30000),
(1603094, 1603, ' Kelekar', 30000),
(1603095, 1603, ' Belida Darat', 30000),
(1604011, 1604, ' Tanjung Sakti Pumi', 30000),
(1604012, 1604, ' Tanjung Sakti Pumu', 30000),
(1604040, 1604, ' Kota Agung', 30000),
(1604041, 1604, ' Mulak Ulu', 30000),
(1604042, 1604, ' Tanjung Tebat', 30000),
(1604050, 1604, ' Pulau Pinang', 30000),
(1604051, 1604, ' Pagar Gunung', 30000),
(1604052, 1604, ' Gumay Ulu', 30000),
(1604060, 1604, ' Jarai', 30000),
(1604061, 1604, ' Pajar Bulan', 30000),
(1604062, 1604, ' Muara Payang', 30000),
(1604063, 1604, ' Sukamerindu', 30000),
(1604111, 1604, ' Kikim Barat', 30000),
(1604112, 1604, ' Kikim Timur', 30000),
(1604113, 1604, ' Kikim Selatan', 30000),
(1604114, 1604, ' Kikim Tengah', 30000),
(1604120, 1604, ' Lahat', 30000),
(1604121, 1604, ' Gumay Talang', 30000),
(1604122, 1604, ' Pseksu', 30000),
(1604131, 1604, ' Merapi Barat', 30000),
(1604132, 1604, ' Merapi Timur', 30000),
(1604133, 1604, ' Merapi Selatan', 30000),
(1605010, 1605, ' Rawas Ulu', 30000),
(1605011, 1605, ' Ulu Rawas', 30000),
(1605020, 1605, ' Rupit', 30000),
(1605021, 1605, ' Karang Jaya', 30000),
(1605030, 1605, ' Suku Tengah Lakita', 30000),
(1605031, 1605, ' Selangit', 30000),
(1605032, 1605, ' Sumber Harta', 30000),
(1605040, 1605, ' Tugumulyo', 30000),
(1605041, 1605, ' Purwodadi', 30000),
(1605050, 1605, ' Muara Beliti', 30000),
(1605051, 1605, ' Tiang Pumpung Kepu', 30000),
(1605060, 1605, ' Jayaloka', 30000),
(1605061, 1605, ' Suka Karya', 30000),
(1605070, 1605, ' Muara Kelingi', 30000),
(1605071, 1605, ' Bulang Tengah Suku', 30000),
(1605072, 1605, ' Tuah Negeri', 30000),
(1605080, 1605, ' Muara Lakitan', 30000),
(1605090, 1605, ' Megang Sakti', 30000),
(1605100, 1605, ' Rawas Ilir', 30000),
(1605101, 1605, ' Karang Dapo', 30000),
(1605102, 1605, ' Nibung', 30000),
(1606010, 1606, ' Sanga Desa', 30000),
(1606020, 1606, ' Babat Toman', 30000),
(1606021, 1606, ' Batanghari Leko', 30000),
(1606022, 1606, ' Plakat Tinggi', 30000),
(1606023, 1606, ' Lawang Wetan', 30000),
(1606030, 1606, ' Sungai Keruh', 30000),
(1606040, 1606, ' Sekayu', 30000),
(1606041, 1606, ' Lais', 30000),
(1606090, 1606, ' Sungai Lilin', 30000),
(1606091, 1606, ' Keluang', 30000),
(1606092, 1606, ' Babat Supat', 30000),
(1606100, 1606, ' Bayung Lencir', 30000),
(1606101, 1606, ' Lalan', 30000),
(1606102, 1606, ' Tungkal Jaya', 30000),
(1607010, 1607, ' Rantau Bayur', 30000),
(1607020, 1607, ' Betung', 30000),
(1607021, 1607, ' Suak Tapeh', 30000),
(1607030, 1607, ' Pulau Rimau', 30000),
(1607031, 1607, ' Tungkal Ilir', 30000),
(1607040, 1607, ' Banyuasin Iii', 30000),
(1607041, 1607, ' Sembawa', 30000),
(1607050, 1607, ' Talang Kelapa', 30000),
(1607051, 1607, ' Tanjung Lago', 30000),
(1607060, 1607, ' Banyuasin I', 30000),
(1607061, 1607, ' Air Kumbang', 30000),
(1607070, 1607, ' Rambutan', 30000),
(1607080, 1607, ' Muara Padang', 30000),
(1607081, 1607, ' Muara Sugihan', 30000),
(1607090, 1607, ' Makarti Jaya', 30000),
(1607091, 1607, ' Air Saleh', 30000),
(1607100, 1607, ' Banyuasin Ii', 30000),
(1607110, 1607, ' Muara Telang', 30000);
INSERT INTO `wilayah_kecamatan` (`id`, `kabupaten_id`, `nama`, `ongkir`) VALUES
(1607111, 1607, ' Sumber Marga Telan', 30000),
(1608010, 1608, ' Mekakau Ilir', 30000),
(1608020, 1608, ' Banding Agung', 30000),
(1608021, 1608, ' Warkuk Ranau Selat', 30000),
(1608030, 1608, ' Buay Pemaca', 30000),
(1608040, 1608, ' Simpang', 30000),
(1608041, 1608, ' Buana Pemaca', 30000),
(1608050, 1608, ' Muaradua', 30000),
(1608051, 1608, ' Buay Rawan', 30000),
(1608060, 1608, ' Buay Sandang Aji', 30000),
(1608061, 1608, ' Tiga Dihaji', 30000),
(1608070, 1608, ' Buay Runjung', 30000),
(1608071, 1608, ' Runjung Agung', 30000),
(1608080, 1608, ' Kisam Tinggi', 30000),
(1608090, 1608, ' Muaradua Kisam', 30000),
(1608091, 1608, ' Kisam Ilir', 30000),
(1608100, 1608, ' Pulau Beringin', 30000),
(1608101, 1608, ' Sindang Danau', 30000),
(1608102, 1608, ' Sungai Are', 30000),
(1609010, 1609, ' Martapura', 30000),
(1609011, 1609, ' Bunga Mayang', 30000),
(1609012, 1609, ' Jaya Pura', 30000),
(1609020, 1609, ' Buay Pemuka Peliun', 30000),
(1609030, 1609, ' Buay Madang', 30000),
(1609031, 1609, ' Buay Madang Timur', 30000),
(1609032, 1609, ' Buay Pemuka Bangsa', 30000),
(1609040, 1609, ' Madang Suku Ii', 30000),
(1609041, 1609, ' Madang Suku Iii', 30000),
(1609050, 1609, ' Madang Suku I', 30000),
(1609051, 1609, ' Belitang Madang Ra', 30000),
(1609060, 1609, ' Belitang', 30000),
(1609061, 1609, ' Belitang Jaya', 30000),
(1609070, 1609, ' Belitang Iii', 30000),
(1609080, 1609, ' Belitang Ii', 30000),
(1609081, 1609, ' Belitang Mulya', 30000),
(1609090, 1609, ' Semendawai Suku Ii', 30000),
(1609091, 1609, ' Semendawai Timur', 30000),
(1609100, 1609, ' Cempaka', 30000),
(1609101, 1609, ' Semendawai Barat', 30000),
(1610010, 1610, ' Muara Kuang', 30000),
(1610011, 1610, ' Rambang Kuang', 30000),
(1610012, 1610, ' Lubuk Keliat', 30000),
(1610020, 1610, ' Tanjung Batu', 30000),
(1610021, 1610, ' Payaraman', 30000),
(1610030, 1610, ' Rantau Alai', 30000),
(1610031, 1610, ' Kandis', 30000),
(1610040, 1610, ' Tanjung Raja', 30000),
(1610041, 1610, ' Rantau Panjang', 30000),
(1610042, 1610, ' Sungai Pinang', 30000),
(1610050, 1610, ' Pemulutan', 30000),
(1610051, 1610, ' Pemulutan Selatan', 30000),
(1610052, 1610, ' Pemulutan Barat', 30000),
(1610060, 1610, ' Indralaya', 30000),
(1610061, 1610, ' Indralaya Utara', 30000),
(1610062, 1610, ' Indralaya Selatan', 30000),
(1611010, 1611, ' Muara Pinang', 30000),
(1611020, 1611, ' Lintang Kanan', 30000),
(1611030, 1611, ' Pendopo', 30000),
(1611031, 1611, ' Pendopo Barat', 30000),
(1611040, 1611, ' Pasemah Air Keruh', 30000),
(1611050, 1611, ' Ulu Musi', 30000),
(1611051, 1611, ' Sikap Dalam', 30000),
(1611060, 1611, ' Talang Padang', 30000),
(1611070, 1611, ' Tebing Tinggi', 30000),
(1611071, 1611, ' Saling', 30000),
(1671010, 1671, ' Ilir Barat Ii', 24000),
(1671011, 1671, ' Gandus', 24000),
(1671020, 1671, ' Seberang Ulu I', 24000),
(1671021, 1671, ' Kertapati', 24000),
(1671030, 1671, ' Seberang Ulu Ii', 24000),
(1671031, 1671, ' Plaju', 24000),
(1671040, 1671, ' Ilir Barat I', 24000),
(1671041, 1671, ' Bukit Kecil', 24000),
(1671050, 1671, ' Ilir Timur I', 24000),
(1671051, 1671, ' Kemuning', 24000),
(1671060, 1671, ' Ilir Timur Ii', 24000),
(1671061, 1671, ' Kalidoni', 24000),
(1671070, 1671, ' Sako', 24000),
(1671071, 1671, ' Sematang Borang', 24000),
(1671080, 1671, ' Sukarami', 24000),
(1671081, 1671, ' Alang Alang Lebar', 24000),
(1672010, 1672, ' Rambang Kapak Teng', 30000),
(1672020, 1672, ' Prabumulih Timur', 30000),
(1672021, 1672, ' Prabumulih Selatan', 30000),
(1672030, 1672, ' Prabumulih Barat', 30000),
(1672031, 1672, ' Prabumulih Utara', 30000),
(1672040, 1672, ' Cambai', 30000),
(1673010, 1673, ' Dempo Selatan', 30000),
(1673011, 1673, ' Dempo Tengah', 30000),
(1673020, 1673, ' Dempo Utara', 30000),
(1673030, 1673, ' Pagar Alam Selatan', 30000),
(1673040, 1673, ' Pagar Alam Utara', 30000),
(1674011, 1674, ' Lubuk Linggau Bara', 30000),
(1674012, 1674, ' Lubuk Linggau Bara', 30000),
(1674021, 1674, ' Lubuk Linggau Sela', 30000),
(1674022, 1674, ' Lubuk Linggau Sela', 30000),
(1674031, 1674, ' Lubuk Linggau Timu', 30000),
(1674032, 1674, ' Lubuk Linggau Timu', 30000),
(1674041, 1674, ' Lubuk Linggau Utar', 30000),
(1674042, 1674, ' Lubuk Linggau Utar', 30000),
(1701040, 1701, ' Manna', 38000),
(1701041, 1701, ' Kota Manna', 38000),
(1701042, 1701, ' Kedurang', 38000),
(1701043, 1701, ' Bunga Mas', 38000),
(1701044, 1701, ' Pasar Manna', 38000),
(1701045, 1701, ' Kedurang Ilir', 38000),
(1701050, 1701, ' Seginim', 38000),
(1701051, 1701, ' Air Nipis', 38000),
(1701060, 1701, ' Pino', 38000),
(1701061, 1701, ' Pinoraya', 38000),
(1701062, 1701, ' Ulu Manna', 38000),
(1702020, 1702, ' Kota Padang', 38000),
(1702021, 1702, ' Sindang Beliti Ili', 38000),
(1702030, 1702, ' Padang Ulak Tandin', 38000),
(1702031, 1702, ' Sindang Kelingi', 38000),
(1702032, 1702, ' Bindu Riang', 38000),
(1702033, 1702, ' Sindang Beliti Ulu', 38000),
(1702034, 1702, ' Sindang Dataran', 38000),
(1702040, 1702, ' Curup', 38000),
(1702041, 1702, ' Bermani Ulu', 38000),
(1702042, 1702, ' Selupu Rejang', 38000),
(1702043, 1702, ' Curup Selatan', 38000),
(1702044, 1702, ' Curup Tengah', 38000),
(1702045, 1702, ' Bermani Ulu Raya', 38000),
(1702046, 1702, ' Curup Utara', 38000),
(1702047, 1702, ' Curup Timur', 38000),
(1703010, 1703, ' Enggano', 38000),
(1703050, 1703, ' Kerkap', 38000),
(1703051, 1703, ' Air Napal', 38000),
(1703052, 1703, ' Air Besi', 38000),
(1703053, 1703, ' Hulu Palik', 38000),
(1703054, 1703, ' Tanjung Agung Pali', 38000),
(1703060, 1703, ' Arga Makmur', 38000),
(1703061, 1703, ' Arma Jaya', 38000),
(1703070, 1703, ' Lais', 38000),
(1703071, 1703, ' Batik Nau', 38000),
(1703072, 1703, ' Giri Mulya', 38000),
(1703073, 1703, ' Air Padang', 38000),
(1703080, 1703, ' Padang Jaya', 38000),
(1703090, 1703, ' Ketahun', 38000),
(1703091, 1703, ' Napal Putih', 38000),
(1703092, 1703, ' Ulok Kupai', 38000),
(1703100, 1703, ' Putri Hijau', 38000),
(1704010, 1704, ' Nasal', 38000),
(1704020, 1704, ' Maje', 38000),
(1704030, 1704, ' Kaur Selatan', 38000),
(1704031, 1704, ' Tetap', 38000),
(1704040, 1704, ' Kaur Tengah', 38000),
(1704041, 1704, ' Luas', 38000),
(1704042, 1704, ' Muara Sahung', 38000),
(1704050, 1704, ' Kinal', 38000),
(1704051, 1704, ' Semidang Gumay', 38000),
(1704060, 1704, ' Tanjung Kemuning', 38000),
(1704061, 1704, ' Kelam Tengah', 38000),
(1704070, 1704, ' Kaur Utara', 38000),
(1704071, 1704, ' Padang Guci Hilir', 38000),
(1704072, 1704, ' Lungkang Kule', 38000),
(1704073, 1704, ' Padang Guci Hulu', 38000),
(1705010, 1705, ' Semidang Alas Mara', 44000),
(1705020, 1705, ' Semidang Alas', 44000),
(1705030, 1705, ' Talo', 44000),
(1705031, 1705, ' Ilir Talo', 44000),
(1705032, 1705, ' Talo Kecil', 44000),
(1705033, 1705, ' Ulu Talo', 44000),
(1705040, 1705, ' Seluma', 44000),
(1705041, 1705, ' Seluma Selatan', 44000),
(1705042, 1705, ' Seluma Barat', 44000),
(1705043, 1705, ' Seluma Timur', 44000),
(1705044, 1705, ' Seluma Utara', 44000),
(1705050, 1705, ' Sukaraja', 44000),
(1705051, 1705, ' Air Periukan', 44000),
(1705052, 1705, ' Lubuk Sandi', 44000),
(1706010, 1706, ' Ipuh', 38000),
(1706011, 1706, ' Air Rami', 38000),
(1706012, 1706, ' Malin Deman', 38000),
(1706020, 1706, ' Pondok Suguh', 38000),
(1706021, 1706, ' Sungai Rumbai', 38000),
(1706022, 1706, ' Teramang Jaya', 38000),
(1706030, 1706, ' Teras Terunjam', 38000),
(1706031, 1706, ' Penarik', 38000),
(1706032, 1706, ' Selagan Raya', 38000),
(1706040, 1706, ' Kota Mukomuko', 38000),
(1706041, 1706, ' Air Dikit', 38000),
(1706042, 1706, ' Xiv Koto', 38000),
(1706050, 1706, ' Lubuk Pinang', 38000),
(1706051, 1706, ' Air Manjunto', 38000),
(1706052, 1706, ' V Koto', 38000),
(1707010, 1707, ' Rimbo Pengadang', 38000),
(1707011, 1707, ' Topos', 38000),
(1707020, 1707, ' Lebong Selatan', 38000),
(1707021, 1707, ' Bingin Kuning', 38000),
(1707030, 1707, ' Lebong Tengah', 38000),
(1707031, 1707, ' Lebong Sakti', 38000),
(1707040, 1707, ' Lebong Atas', 38000),
(1707041, 1707, ' Padang Bano', 38000),
(1707042, 1707, ' Pelabai', 38000),
(1707050, 1707, ' Lebong Utara', 38000),
(1707051, 1707, ' Amen', 38000),
(1707052, 1707, ' Uram Jaya', 38000),
(1707053, 1707, ' Pinang Belapis', 38000),
(1708010, 1708, ' Muara Kemumu', 38000),
(1708020, 1708, ' Bermani Ilir', 38000),
(1708030, 1708, ' Seberang Musi', 38000),
(1708040, 1708, ' Tebat Karai', 38000),
(1708050, 1708, ' Kepahiang', 38000),
(1708060, 1708, ' Kaba Wetan', 38000),
(1708070, 1708, ' Ujan Mas', 38000),
(1708080, 1708, ' Merigi', 38000),
(1709010, 1709, ' Talang Empat', 38000),
(1709020, 1709, ' Karang Tinggi', 38000),
(1709030, 1709, ' Taba Penanjung', 38000),
(1709031, 1709, ' Merigi Kelindang', 38000),
(1709040, 1709, ' Pagar Jati', 38000),
(1709041, 1709, ' Merigi Sakti', 38000),
(1709050, 1709, ' Pondok Kelapa', 38000),
(1709051, 1709, ' Pondok Kubang', 38000),
(1709060, 1709, ' Pematang Tiga', 38000),
(1709061, 1709, ' Bang Haji', 38000),
(1771010, 1771, ' Selebar', 32000),
(1771011, 1771, ' Kampung Melayu', 32000),
(1771020, 1771, ' Gading Cempaka', 32000),
(1771021, 1771, ' Ratu Agung', 32000),
(1771022, 1771, ' Ratu Samban', 32000),
(1771023, 1771, ' Singaran Pati', 32000),
(1771030, 1771, ' Teluk Segara', 32000),
(1771031, 1771, ' Sungai Serut', 32000),
(1771040, 1771, ' Muara Bangka Hulu', 32000),
(1801040, 1801, ' Balik Bukit', 47000),
(1801041, 1801, ' Sukau', 47000),
(1801042, 1801, ' Lumbok Seminung', 47000),
(1801050, 1801, ' Belalau', 47000),
(1801051, 1801, ' Sekincau', 47000),
(1801052, 1801, ' Suoh', 47000),
(1801053, 1801, ' Batu Brak', 47000),
(1801054, 1801, ' Pagar Dewa', 47000),
(1801055, 1801, ' Batu Ketulis', 47000),
(1801056, 1801, ' Bandar Negeri Suoh', 47000),
(1801060, 1801, ' Sumber Jaya', 47000),
(1801061, 1801, ' Way Tenong', 47000),
(1801062, 1801, ' Gedung Surian', 47000),
(1801063, 1801, ' Kebun Tebu', 47000),
(1801064, 1801, ' Air Hitam', 47000),
(1802010, 1802, ' Wonosobo', 47000),
(1802011, 1802, ' Semaka', 47000),
(1802012, 1802, ' Bandar Negeri Semu', 47000),
(1802020, 1802, ' Kota Agung', 47000),
(1802021, 1802, ' Pematang Sawa', 47000),
(1802022, 1802, ' Kota Agung Timur', 47000),
(1802023, 1802, ' Kota Agung Barat', 47000),
(1802030, 1802, ' Pulau Panggung', 47000),
(1802031, 1802, ' Ulubelu', 47000),
(1802032, 1802, ' Air Naningan', 47000),
(1802040, 1802, ' Talang Padang', 47000),
(1802041, 1802, ' Sumberejo', 47000),
(1802042, 1802, ' Gisting', 47000),
(1802043, 1802, ' Gunung Alip', 47000),
(1802050, 1802, ' Pugung', 47000),
(1802101, 1802, ' Bulok', 47000),
(1802110, 1802, ' Cukuh Balak', 47000),
(1802111, 1802, ' Kelumbayan', 47000),
(1802112, 1802, ' Limau', 47000),
(1802113, 1802, ' Kelumbayan Barat', 47000),
(1803060, 1803, ' Natar', 41000),
(1803070, 1803, ' Jati Agung', 41000),
(1803080, 1803, ' Tanjung Bintang', 41000),
(1803081, 1803, ' Tanjung Sari', 41000),
(1803090, 1803, ' Katibung', 41000),
(1803091, 1803, ' Merbau Mataram', 41000),
(1803092, 1803, ' Way Sulan', 41000),
(1803100, 1803, ' Sidomulyo', 41000),
(1803101, 1803, ' Candipuro', 41000),
(1803102, 1803, ' Way Panji', 41000),
(1803110, 1803, ' Kalianda', 41000),
(1803111, 1803, ' Rajabasa', 41000),
(1803120, 1803, ' Palas', 41000),
(1803121, 1803, ' Sragi', 41000),
(1803130, 1803, ' Penengahan', 41000),
(1803131, 1803, ' Ketapang', 41000),
(1803132, 1803, ' Bakauheni', 41000),
(1804010, 1804, ' Metro Kibang', 47000),
(1804020, 1804, ' Batanghari', 47000),
(1804030, 1804, ' Sekampung', 47000),
(1804040, 1804, ' Margatiga', 47000),
(1804050, 1804, ' Sekampung Udik', 47000),
(1804060, 1804, ' Jabung', 47000),
(1804061, 1804, ' Pasir Sakti', 47000),
(1804062, 1804, ' Waway Karya', 47000),
(1804063, 1804, ' Marga Sekampung', 47000),
(1804070, 1804, ' Labuhan Maringgai', 47000),
(1804071, 1804, ' Mataram Baru', 47000),
(1804072, 1804, ' Bandar Sribawono', 47000),
(1804073, 1804, ' Melinting', 47000),
(1804074, 1804, ' Gunung Pelindung', 47000),
(1804080, 1804, ' Way Jepara', 47000),
(1804081, 1804, ' Braja Slebah', 47000),
(1804082, 1804, ' Labuhan Ratu', 47000),
(1804090, 1804, ' Sukadana', 47000),
(1804091, 1804, ' Bumi Agung', 47000),
(1804092, 1804, ' Batanghari Nuban', 47000),
(1804100, 1804, ' Pekalongan', 47000),
(1804110, 1804, ' Raman Utara', 47000),
(1804120, 1804, ' Purbolinggo', 47000),
(1804121, 1804, ' Way Bungur', 47000),
(1805010, 1805, ' Padang Ratu', 41000),
(1805011, 1805, ' Selagai Lingga', 41000),
(1805012, 1805, ' Pubian', 41000),
(1805013, 1805, ' Anak Tuha', 41000),
(1805014, 1805, ' Anak Ratu Aji', 41000),
(1805020, 1805, ' Kalirejo', 41000),
(1805021, 1805, ' Sendang Agung', 41000),
(1805030, 1805, ' Bangunrejo', 41000),
(1805040, 1805, ' Gunung Sugih', 41000),
(1805041, 1805, ' Bekri', 41000),
(1805042, 1805, ' Bumi Ratu Nuban', 41000),
(1805050, 1805, ' Trimurjo', 41000),
(1805060, 1805, ' Punggur', 41000),
(1805061, 1805, ' Kota Gajah', 41000),
(1805070, 1805, ' Seputih Raman', 41000),
(1805080, 1805, ' Terbanggi Besar', 41000),
(1805081, 1805, ' Seputih Agung', 41000),
(1805082, 1805, ' Way Pengubuan', 41000),
(1805090, 1805, ' Terusan Nunyai', 41000),
(1805100, 1805, ' Seputih Mataram', 41000),
(1805101, 1805, ' Bandar Mataram', 41000),
(1805110, 1805, ' Seputih Banyak', 41000),
(1805111, 1805, ' Way Seputih', 41000),
(1805120, 1805, ' Rumbia', 41000),
(1805121, 1805, ' Bumi Nabung', 41000),
(1805122, 1805, ' Putra Rumbia', 41000),
(1805130, 1805, ' Seputih Surabaya', 41000),
(1805131, 1805, ' Bandar Surabaya', 41000),
(1806010, 1806, ' Bukit Kemuning', 47000),
(1806011, 1806, ' Abung Tinggi', 47000),
(1806020, 1806, ' Tanjung Raja', 47000),
(1806030, 1806, ' Abung Barat', 47000),
(1806031, 1806, ' Abung Tengah', 47000),
(1806032, 1806, ' Abung  Kunang', 47000),
(1806033, 1806, ' Abung Pekurun', 47000),
(1806040, 1806, ' Kotabumi', 47000),
(1806041, 1806, ' Kotabumi Utara', 47000),
(1806042, 1806, ' Kotabumi Selatan', 47000),
(1806050, 1806, ' Abung Selatan', 47000),
(1806051, 1806, ' Abung Semuli', 47000),
(1806052, 1806, ' Blambangan Pagar', 47000),
(1806060, 1806, ' Abung Timur', 47000),
(1806061, 1806, ' Abung Surakarta', 47000),
(1806070, 1806, ' Sungkai Selatan', 47000),
(1806071, 1806, ' Muara Sungkai', 47000),
(1806072, 1806, ' Bunga Mayang', 47000),
(1806073, 1806, ' Sungkai  Barat', 47000),
(1806074, 1806, ' Sungkai Jaya', 47000),
(1806080, 1806, ' Sungkai Utara', 47000),
(1806081, 1806, ' Hulusungkai', 47000),
(1806082, 1806, ' Sungkai Tengah', 47000),
(1807010, 1807, ' Banjit', 47000),
(1807020, 1807, ' Baradatu', 47000),
(1807021, 1807, ' Gunung Labuhan', 47000),
(1807030, 1807, ' Kasui', 47000),
(1807031, 1807, ' Rebang Tangkas', 47000),
(1807040, 1807, ' Blambangan Umpu', 47000),
(1807041, 1807, ' Way Tuba', 47000),
(1807042, 1807, ' Negeri Agung', 47000),
(1807050, 1807, ' Bahuga', 47000),
(1807051, 1807, ' Buay  Bahuga', 47000),
(1807052, 1807, ' Bumi Agung', 47000),
(1807060, 1807, ' Pakuan Ratu', 47000),
(1807061, 1807, ' Negara Batin', 47000),
(1807062, 1807, ' Negeri Besar', 47000),
(1808030, 1808, ' Banjar Agung', 47000),
(1808031, 1808, ' Banjar Margo', 47000),
(1808032, 1808, ' Banjar Baru', 47000),
(1808040, 1808, ' Gedung Aji', 47000),
(1808041, 1808, ' Penawar Aji', 47000),
(1808042, 1808, ' Meraksa Aji', 47000),
(1808050, 1808, ' Menggala', 47000),
(1808051, 1808, ' Penawar Tama', 47000),
(1808052, 1808, ' Rawajitu Selatan', 47000),
(1808053, 1808, ' Gedung Meneng', 47000),
(1808054, 1808, ' Rawajitu Timur', 47000),
(1808055, 1808, ' Rawa Pitu', 47000),
(1808056, 1808, ' Gedung Aji Baru', 47000),
(1808057, 1808, ' Dente Teladas', 47000),
(1808058, 1808, ' Menggala Timur', 47000),
(1809010, 1809, ' Punduh Pidada', 47000),
(1809011, 1809, ' Marga Punduh', 47000),
(1809020, 1809, ' Padang Cermin', 47000),
(1809030, 1809, ' Kedondong', 47000),
(1809031, 1809, ' Way Khilau', 47000),
(1809040, 1809, ' Way Lima', 47000),
(1809050, 1809, ' Gedung Tataan', 47000),
(1809060, 1809, ' Negeri Katon', 47000),
(1809070, 1809, ' Tegineneng', 47000),
(1810010, 1810, ' Pardasuka', 41000),
(1810020, 1810, ' Ambarawa', 41000),
(1810030, 1810, ' Pagelaran', 41000),
(1810031, 1810, ' Pagelaran Utara', 41000),
(1810040, 1810, ' Pringsewu', 41000),
(1810050, 1810, ' Gading Rejo', 41000),
(1810060, 1810, ' Sukoharjo', 41000),
(1810070, 1810, ' Banyumas', 41000),
(1810080, 1810, ' Adi Luwih', 41000),
(1811010, 1811, ' Way Serdang', 47000),
(1811020, 1811, ' Simpang Pematang', 47000),
(1811030, 1811, ' Panca Jaya', 47000),
(1811040, 1811, ' Tanjung Raya', 47000),
(1811050, 1811, ' Mesuji', 47000),
(1811060, 1811, ' Mesuji Timur', 47000),
(1811070, 1811, ' Rawajitu Utara', 47000),
(1812010, 1812, ' Tulang Bawang Udik', 47000),
(1812020, 1812, ' Tumi Jajar', 47000),
(1812030, 1812, ' Tulang Bawang Teng', 47000),
(1812040, 1812, ' Pagar Dewa', 47000),
(1812050, 1812, ' Lambu Kibang', 47000),
(1812060, 1812, ' Gunung Terang', 47000),
(1812070, 1812, ' Gunung Agung', 47000),
(1812080, 1812, ' Way Kenanga', 47000),
(1813010, 1813, ' Lemong', 47000),
(1813020, 1813, ' Pesisir Utara', 47000),
(1813030, 1813, ' Pulau Pisang', 47000),
(1813040, 1813, ' Karya Penggawa', 47000),
(1813050, 1813, ' Way Krui', 47000),
(1813060, 1813, ' Pesisir Tengah', 47000),
(1813070, 1813, ' Krui Selatan', 47000),
(1813080, 1813, ' Pesisir Selatan', 47000),
(1813090, 1813, ' Ngambur', 47000),
(1813100, 1813, ' Bengkunat', 47000),
(1813110, 1813, ' Bengkunat Belimbin', 47000),
(1871010, 1871, ' Teluk Betung Barat', 35000),
(1871011, 1871, ' Telukbetung Timur', 35000),
(1871020, 1871, ' Teluk Betung Selat', 35000),
(1871021, 1871, ' Bumi Waras', 35000),
(1871030, 1871, ' Panjang', 35000),
(1871040, 1871, ' Tanjung Karang Tim', 35000),
(1871041, 1871, ' Kedamaian', 35000),
(1871050, 1871, ' Teluk Betung Utara', 35000),
(1871060, 1871, ' Tanjung Karang Pus', 35000),
(1871061, 1871, ' Enggal', 35000),
(1871070, 1871, ' Tanjung Karang Bar', 35000),
(1871071, 1871, ' Kemiling', 35000),
(1871072, 1871, ' Langkapura', 35000),
(1871080, 1871, ' Kedaton', 35000),
(1871081, 1871, ' Rajabasa', 35000),
(1871082, 1871, ' Tanjung Senang', 35000),
(1871083, 1871, ' Labuhan Ratu', 35000),
(1871090, 1871, ' Sukarame', 35000),
(1871091, 1871, ' Sukabumi', 35000),
(1871092, 1871, ' Way Halim', 35000),
(1872011, 1872, ' Metro Selatan', 42000),
(1872012, 1872, ' Metro Barat', 42000),
(1872021, 1872, ' Metro Timur', 42000),
(1872022, 1872, ' Metro Pusat', 42000),
(1872023, 1872, ' Metro Utara', 42000),
(1901070, 1901, ' Mendo Barat', 42000),
(1901080, 1901, ' Merawang', 42000),
(1901081, 1901, ' Puding Besar', 42000),
(1901090, 1901, ' Sungai Liat', 42000),
(1901091, 1901, ' Pemali', 42000),
(1901092, 1901, ' Bakam', 42000),
(1901130, 1901, ' Belinyu', 42000),
(1901131, 1901, ' Riau Silip', 42000),
(1902010, 1902, ' Membalong', 42000),
(1902060, 1902, ' Tanjung Pandan', 42000),
(1902061, 1902, ' Badau', 42000),
(1902062, 1902, ' Sijuk', 42000),
(1902063, 1902, ' Selat Nasik', 42000),
(1903010, 1903, ' Kelapa', 42000),
(1903020, 1903, ' Tempilang', 42000),
(1903030, 1903, ' Mentok', 42000),
(1903040, 1903, ' Simpang Teritip', 42000),
(1903050, 1903, ' Jebus', 42000),
(1903051, 1903, ' Parittiga', 42000),
(1904010, 1904, ' Koba', 42000),
(1904011, 1904, ' Lubuk Besar', 42000),
(1904020, 1904, ' Pangkalan Baru', 42000),
(1904021, 1904, ' Namang', 42000),
(1904030, 1904, ' Sungai Selan', 42000),
(1904040, 1904, ' Simpang Katis', 42000),
(1905010, 1905, ' Payung', 42000),
(1905011, 1905, ' Pulau Besar', 42000),
(1905020, 1905, ' Simpang Rimba', 42000),
(1905030, 1905, ' Toboali', 42000),
(1905031, 1905, ' Tukak Sadai', 42000),
(1905040, 1905, ' Air Gegas', 42000),
(1905050, 1905, ' Lepar Pongok', 42000),
(1905051, 1905, ' Kepulauan Pongok', 42000),
(1906010, 1906, ' Dendang', 42000),
(1906011, 1906, ' Simpang Pesak', 42000),
(1906020, 1906, ' Gantung', 42000),
(1906021, 1906, ' Simpang Renggiang', 42000),
(1906030, 1906, ' Manggar', 42000),
(1906031, 1906, ' Damar', 42000),
(1906040, 1906, ' Kelapa Kampit', 42000),
(1971010, 1971, ' Rangkui', 38000),
(1971020, 1971, ' Bukit Intan', 38000),
(1971021, 1971, ' Girimaya', 38000),
(1971030, 1971, ' Pangkal Balam', 38000),
(1971031, 1971, ' Gabek', 38000),
(1971040, 1971, ' Taman Sari', 38000),
(1971041, 1971, ' Gerunggang', 38000),
(2101010, 2101, ' Moro', 40000),
(2101011, 2101, ' Durai', 40000),
(2101020, 2101, ' Kundur', 40000),
(2101021, 2101, ' Kundur Utara', 40000),
(2101022, 2101, ' Kundur Barat', 40000),
(2101030, 2101, ' Karimun', 40000),
(2101031, 2101, ' Buru', 40000),
(2101032, 2101, ' Meral', 40000),
(2101033, 2101, ' Tebing', 40000),
(2102040, 2102, ' Teluk Bintan', 40000),
(2102050, 2102, ' Bintan Utara', 40000),
(2102051, 2102, ' Teluk Sebong', 40000),
(2102052, 2102, ' Seri Kuala Lobam', 40000),
(2102060, 2102, ' Bintan Timur', 40000),
(2102061, 2102, ' Gunung Kijang', 40000),
(2102062, 2102, ' Mantang', 40000),
(2102063, 2102, ' Bintan Pesisir', 40000),
(2102064, 2102, ' Toapaya', 40000),
(2102070, 2102, ' Tambelan', 40000),
(2103030, 2103, ' Midai', 40000),
(2103040, 2103, ' Bunguran Barat', 40000),
(2103041, 2103, ' Bunguran Utara', 40000),
(2103042, 2103, ' Pulau Laut', 40000),
(2103043, 2103, ' Pulau Tiga', 40000),
(2103050, 2103, ' Bunguran Timur', 40000),
(2103051, 2103, ' Bunguran Timur Lau', 40000),
(2103052, 2103, ' Bunguran Tengah', 40000),
(2103053, 2103, ' Bunguran Selatan', 40000),
(2103060, 2103, ' Serasan', 40000),
(2103061, 2103, ' Subi', 40000),
(2103062, 2103, ' Serasan Timur', 40000),
(2104010, 2104, ' Singkep Barat', 40000),
(2104020, 2104, ' Singkep', 40000),
(2104021, 2104, ' Singkep Selatan', 40000),
(2104022, 2104, ' Singkep Pesisir', 40000),
(2104030, 2104, ' Lingga', 40000),
(2104031, 2104, ' Selayar', 40000),
(2104032, 2104, ' Lingga Timur', 40000),
(2104040, 2104, ' Lingga Utara', 40000),
(2104050, 2104, ' Senayang', 40000),
(2105010, 2105, ' Jemaja', 40000),
(2105020, 2105, ' Jemaja Timur', 40000),
(2105030, 2105, ' Siantan Selatan', 40000),
(2105040, 2105, ' Siantan', 40000),
(2105050, 2105, ' Siantan Timur', 40000),
(2105060, 2105, ' Siantan Tengah', 40000),
(2105070, 2105, ' Palmatak', 40000),
(2171010, 2171, ' Belakang Padang', 29000),
(2171020, 2171, ' Bulang', 29000),
(2171030, 2171, ' Galang', 29000),
(2171040, 2171, ' Sei Beduk', 29000),
(2171041, 2171, ' Sagulung', 29000),
(2171050, 2171, ' Nongsa', 29000),
(2171051, 2171, ' Batam Kota', 29000),
(2171060, 2171, ' Sekupang', 29000),
(2171061, 2171, ' Batu Aji', 29000),
(2171070, 2171, ' Lubuk Baja', 29000),
(2171080, 2171, ' Batu Ampar', 29000),
(2171081, 2171, ' Bengkong', 29000),
(2172010, 2172, ' Bukit Bestari', 50000),
(2172020, 2172, ' Tanjungpinang Timu', 50000),
(2172030, 2172, ' Tanjungpinang Kota', 50000),
(2172040, 2172, ' Tanjungpinang Bara', 50000),
(3101010, 3101, ' Kepulauan Seribu S', 33000),
(3101020, 3101, ' Kepulauan Seribu U', 33000),
(3171010, 3171, ' Jagakarsa', 23000),
(3171020, 3171, ' Pasar Minggu', 23000),
(3171030, 3171, ' Cilandak', 23000),
(3171040, 3171, ' Pesanggrahan', 23000),
(3171050, 3171, ' Kebayoran Lama', 23000),
(3171060, 3171, ' Kebayoran Baru', 23000),
(3171070, 3171, ' Mampang Prapatan', 23000),
(3171080, 3171, ' Pancoran', 23000),
(3171090, 3171, ' Tebet', 23000),
(3171100, 3171, ' Setia Budi', 23000),
(3172010, 3172, ' Pasar Rebo', 23000),
(3172020, 3172, ' Ciracas', 23000),
(3172030, 3172, ' Cipayung', 23000),
(3172040, 3172, ' Makasar', 23000),
(3172050, 3172, ' Kramat Jati', 23000),
(3172060, 3172, ' Jatinegara', 23000),
(3172070, 3172, ' Duren Sawit', 23000),
(3172080, 3172, ' Cakung', 23000),
(3172090, 3172, ' Pulo Gadung', 23000),
(3172100, 3172, ' Matraman', 23000),
(3173010, 3173, ' Tanah Abang', 23000),
(3173020, 3173, ' Menteng', 23000),
(3173030, 3173, ' Senen', 23000),
(3173040, 3173, ' Johar Baru', 23000),
(3173050, 3173, ' Cempaka Putih', 23000),
(3173060, 3173, ' Kemayoran', 23000),
(3173070, 3173, ' Sawah Besar', 23000),
(3173080, 3173, ' Gambir', 23000),
(3174010, 3174, ' Kembangan', 23000),
(3174020, 3174, ' Kebon Jeruk', 23000),
(3174030, 3174, ' Palmerah', 23000),
(3174040, 3174, ' Grogol Petamburan', 23000),
(3174050, 3174, ' Tambora', 23000),
(3174060, 3174, ' Taman Sari', 23000),
(3174070, 3174, ' Cengkareng', 23000),
(3174080, 3174, ' Kali Deres', 23000),
(3175010, 3175, ' Penjaringan', 23000),
(3175020, 3175, ' Pademangan', 23000),
(3175030, 3175, ' Tanjung Priok', 23000),
(3175040, 3175, ' Koja', 23000),
(3175050, 3175, ' Kelapa Gading', 23000),
(3175060, 3175, ' Cilincing', 23000),
(3201010, 3201, ' Nanggung', 24000),
(3201020, 3201, ' Leuwiliang', 24000),
(3201021, 3201, ' Leuwisadeng', 24000),
(3201030, 3201, ' Pamijahan', 24000),
(3201040, 3201, ' Cibungbulang', 24000),
(3201050, 3201, ' Ciampea', 24000),
(3201051, 3201, ' Tenjolaya', 24000),
(3201060, 3201, ' Dramaga', 24000),
(3201070, 3201, ' Ciomas', 24000),
(3201071, 3201, ' Tamansari', 24000),
(3201080, 3201, ' Cijeruk', 24000),
(3201081, 3201, ' Cigombong', 24000),
(3201090, 3201, ' Caringin', 24000),
(3201100, 3201, ' Ciawi', 24000),
(3201110, 3201, ' Cisarua', 24000),
(3201120, 3201, ' Megamendung', 24000),
(3201130, 3201, ' Sukaraja', 24000),
(3201140, 3201, ' Babakan Madang', 24000),
(3201150, 3201, ' Sukamakmur', 24000),
(3201160, 3201, ' Cariu', 24000),
(3201161, 3201, ' Tanjungsari', 24000),
(3201170, 3201, ' Jonggol', 24000),
(3201180, 3201, ' Cileungsi', 24000),
(3201181, 3201, ' Kelapa Nunggal', 24000),
(3201190, 3201, ' Gunung Putri', 24000),
(3201200, 3201, ' Citeureup', 24000),
(3201210, 3201, ' Cibinong', 24000),
(3201220, 3201, ' Bojong Gede', 24000),
(3201221, 3201, ' Tajur Halang', 24000),
(3201230, 3201, ' Kemang', 24000),
(3201231, 3201, ' Ranca Bungur', 24000),
(3201240, 3201, ' Parung', 24000),
(3201241, 3201, ' Ciseeng', 24000),
(3201250, 3201, ' Gunung Sindur', 24000),
(3201260, 3201, ' Rumpin', 24000),
(3201270, 3201, ' Cigudeg', 24000),
(3201271, 3201, ' Sukajaya', 24000),
(3201280, 3201, ' Jasinga', 24000),
(3201290, 3201, ' Tenjo', 24000),
(3201300, 3201, ' Parung Panjang', 24000),
(3202010, 3202, ' Ciemas', 25000),
(3202020, 3202, ' Ciracap', 25000),
(3202021, 3202, ' Waluran', 25000),
(3202030, 3202, ' Surade', 25000),
(3202031, 3202, ' Cibitung', 25000),
(3202040, 3202, ' Jampang Kulon', 25000),
(3202041, 3202, ' Cimanggu', 25000),
(3202050, 3202, ' Kali Bunder', 25000),
(3202060, 3202, ' Tegal Buleud', 25000),
(3202070, 3202, ' Cidolog', 25000),
(3202080, 3202, ' Sagaranten', 25000),
(3202081, 3202, ' Cidadap', 25000),
(3202082, 3202, ' Curugkembar', 25000),
(3202090, 3202, ' Pabuaran', 25000),
(3202100, 3202, ' Lengkong', 25000),
(3202110, 3202, ' Palabuhanratu', 25000),
(3202111, 3202, ' Simpenan', 25000),
(3202120, 3202, ' Warung Kiara', 25000),
(3202121, 3202, ' Bantargadung', 25000),
(3202130, 3202, ' Jampang Tengah', 25000),
(3202131, 3202, ' Purabaya', 25000),
(3202140, 3202, ' Cikembar', 25000),
(3202150, 3202, ' Nyalindung', 25000),
(3202160, 3202, ' Geger Bitung', 25000),
(3202170, 3202, ' Sukaraja', 25000),
(3202171, 3202, ' Kebonpedes', 25000),
(3202172, 3202, ' Cireunghas', 25000),
(3202173, 3202, ' Sukalarang', 25000),
(3202180, 3202, ' Sukabumi', 25000),
(3202190, 3202, ' Kadudampit', 25000),
(3202200, 3202, ' Cisaat', 25000),
(3202201, 3202, ' Gunungguruh', 25000),
(3202210, 3202, ' Cibadak', 25000),
(3202211, 3202, ' Cicantayan', 25000),
(3202212, 3202, ' Caringin', 25000),
(3202220, 3202, ' Nagrak', 25000),
(3202221, 3202, ' Ciambar', 25000),
(3202230, 3202, ' Cicurug', 25000),
(3202240, 3202, ' Cidahu', 25000),
(3202250, 3202, ' Parakan Salak', 25000),
(3202260, 3202, ' Parung Kuda', 25000),
(3202261, 3202, ' Bojong Genteng', 25000),
(3202270, 3202, ' Kalapa Nunggal', 25000),
(3202280, 3202, ' Cikidang', 25000),
(3202290, 3202, ' Cisolok', 25000),
(3202291, 3202, ' Cikakak', 25000),
(3202300, 3202, ' Kabandungan', 25000),
(3203010, 3203, ' Agrabinta', 29000),
(3203011, 3203, ' Leles', 29000),
(3203020, 3203, ' Sindangbarang', 29000),
(3203030, 3203, ' Cidaun', 29000),
(3203040, 3203, ' Naringgul', 29000),
(3203050, 3203, ' Cibinong', 29000),
(3203051, 3203, ' Cikadu', 29000),
(3203060, 3203, ' Tanggeung', 29000),
(3203061, 3203, ' Pasirkuda', 29000),
(3203070, 3203, ' Kadupandak', 29000),
(3203071, 3203, ' Cijati', 29000),
(3203080, 3203, ' Takokak', 29000),
(3203090, 3203, ' Sukanagara', 29000),
(3203100, 3203, ' Pagelaran', 29000),
(3203110, 3203, ' Campaka', 29000),
(3203111, 3203, ' Campaka Mulya', 29000),
(3203120, 3203, ' Cibeber', 29000),
(3203130, 3203, ' Warungkondang', 29000),
(3203131, 3203, ' Gekbrong', 29000),
(3203140, 3203, ' Cilaku', 29000),
(3203150, 3203, ' Sukaluyu', 29000),
(3203160, 3203, ' Bojongpicung', 29000),
(3203161, 3203, ' Haurwangi', 29000),
(3203170, 3203, ' Ciranjang', 29000),
(3203180, 3203, ' Mande', 29000),
(3203190, 3203, ' Karangtengah', 29000),
(3203200, 3203, ' Cianjur', 29000),
(3203210, 3203, ' Cugenang', 29000),
(3203220, 3203, ' Pacet', 29000),
(3203221, 3203, ' Cipanas', 29000),
(3203230, 3203, ' Sukaresmi', 29000),
(3203240, 3203, ' Cikalongkulon', 29000),
(3204010, 3204, ' Ciwidey', 25000),
(3204011, 3204, ' Rancabali', 25000),
(3204020, 3204, ' Pasirjambu', 25000),
(3204030, 3204, ' Cimaung', 25000),
(3204040, 3204, ' Pangalengan', 25000),
(3204050, 3204, ' Kertasari', 25000),
(3204060, 3204, ' Pacet', 25000),
(3204070, 3204, ' Ibun', 25000),
(3204080, 3204, ' Paseh', 25000),
(3204090, 3204, ' Cikancung', 25000),
(3204100, 3204, ' Cicalengka', 25000),
(3204101, 3204, ' Nagreg', 25000),
(3204110, 3204, ' Rancaekek', 25000),
(3204120, 3204, ' Majalaya', 25000),
(3204121, 3204, ' Solokan Jeruk', 25000),
(3204130, 3204, ' Ciparay', 25000),
(3204140, 3204, ' Baleendah', 25000),
(3204150, 3204, ' Arjasari', 25000),
(3204160, 3204, ' Banjaran', 25000),
(3204161, 3204, ' Cangkuang', 25000),
(3204170, 3204, ' Pameungpeuk', 25000),
(3204180, 3204, ' Katapang', 25000),
(3204190, 3204, ' Soreang', 25000),
(3204191, 3204, ' Kutawaringin', 25000),
(3204250, 3204, ' Margaasih', 25000),
(3204260, 3204, ' Margahayu', 25000),
(3204270, 3204, ' Dayeuhkolot', 25000),
(3204280, 3204, ' Bojongsoang', 25000),
(3204290, 3204, ' Cileunyi', 25000),
(3204300, 3204, ' Cilengkrang', 25000),
(3204310, 3204, ' Cimenyan', 25000),
(3205010, 3205, ' Cisewu', 29000),
(3205011, 3205, ' Caringin', 29000),
(3205020, 3205, ' Talegong', 29000),
(3205030, 3205, ' Bungbulang', 29000),
(3205031, 3205, ' Mekarmukti', 29000),
(3205040, 3205, ' Pamulihan', 29000),
(3205050, 3205, ' Pakenjeng', 29000),
(3205060, 3205, ' Cikelet', 29000),
(3205070, 3205, ' Pameungpeuk', 29000),
(3205080, 3205, ' Cibalong', 29000),
(3205090, 3205, ' Cisompet', 29000),
(3205100, 3205, ' Peundeuy', 29000),
(3205110, 3205, ' Singajaya', 29000),
(3205111, 3205, ' Cihurip', 29000),
(3205120, 3205, ' Cikajang', 29000),
(3205130, 3205, ' Banjarwangi', 29000),
(3205140, 3205, ' Cilawu', 29000),
(3205150, 3205, ' Bayongbong', 29000),
(3205151, 3205, ' Cigedug', 29000),
(3205160, 3205, ' Cisurupan', 29000),
(3205161, 3205, ' Sukaresmi', 29000),
(3205170, 3205, ' Samarang', 29000),
(3205171, 3205, ' Pasirwangi', 29000),
(3205181, 3205, ' Tarogong Kidul', 29000),
(3205182, 3205, ' Tarogong Kaler', 29000),
(3205190, 3205, ' Garut Kota', 29000),
(3205200, 3205, ' Karangpawitan', 29000),
(3205210, 3205, ' Wanaraja', 29000),
(3205211, 3205, ' Sucinaraja', 29000),
(3205212, 3205, ' Pangatikan', 29000),
(3205220, 3205, ' Sukawening', 29000),
(3205221, 3205, ' Karangtengah', 29000),
(3205230, 3205, ' Banyuresmi', 29000),
(3205240, 3205, ' Leles', 29000),
(3205250, 3205, ' Leuwigoong', 29000),
(3205260, 3205, ' Cibatu', 29000),
(3205261, 3205, ' Kersamanah', 29000),
(3205270, 3205, ' Cibiuk', 29000),
(3205280, 3205, ' Kadungora', 29000),
(3205290, 3205, ' Blubur Limbangan', 29000),
(3205300, 3205, ' Selaawi', 29000),
(3205310, 3205, ' Malangbong', 29000),
(3206010, 3206, ' Cipatujah', 29000),
(3206020, 3206, ' Karangnunggal', 29000),
(3206030, 3206, ' Cikalong', 29000),
(3206040, 3206, ' Pancatengah', 29000),
(3206050, 3206, ' Cikatomas', 29000),
(3206060, 3206, ' Cibalong', 29000),
(3206061, 3206, ' Parungponteng', 29000),
(3206070, 3206, ' Bantarkalong', 29000),
(3206071, 3206, ' Bojongasih', 29000),
(3206072, 3206, ' Culamega', 29000),
(3206080, 3206, ' Bojonggambir', 29000),
(3206090, 3206, ' Sodonghilir', 29000),
(3206100, 3206, ' Taraju', 29000),
(3206110, 3206, ' Salawu', 29000),
(3206111, 3206, ' Puspahiang', 29000),
(3206120, 3206, ' Tanjungjaya', 29000),
(3206130, 3206, ' Sukaraja', 29000),
(3206140, 3206, ' Salopa', 29000),
(3206141, 3206, ' Jatiwaras', 29000),
(3206150, 3206, ' Cineam', 29000),
(3206151, 3206, ' Karangjaya', 29000),
(3206160, 3206, ' Manonjaya', 29000),
(3206161, 3206, ' Gunungtanjung', 29000),
(3206190, 3206, ' Singaparna', 29000),
(3206191, 3206, ' Sukarame', 29000),
(3206192, 3206, ' Mangunreja', 29000),
(3206200, 3206, ' Cigalontang', 29000),
(3206210, 3206, ' Leuwisari', 29000),
(3206211, 3206, ' Sariwangi', 29000),
(3206212, 3206, ' Padakembang', 29000),
(3206221, 3206, ' Sukaratu', 29000),
(3206230, 3206, ' Cisayong', 29000),
(3206231, 3206, ' Sukahening', 29000),
(3206240, 3206, ' Rajapolah', 29000),
(3206250, 3206, ' Jamanis', 29000),
(3206260, 3206, ' Ciawi', 29000),
(3206261, 3206, ' Kadipaten', 29000),
(3206270, 3206, ' Pagerageung', 29000),
(3206271, 3206, ' Sukaresik', 29000),
(3207100, 3207, ' Banjarsari', 29000),
(3207110, 3207, ' Lakbok', 29000),
(3207111, 3207, ' Purwadadi', 29000),
(3207120, 3207, ' Pamarican', 29000),
(3207130, 3207, ' Cidolog', 29000),
(3207140, 3207, ' Cimaragas', 29000),
(3207150, 3207, ' Cijeungjing', 29000),
(3207160, 3207, ' Cisaga', 29000),
(3207170, 3207, ' Tambaksari', 29000),
(3207180, 3207, ' Rancah', 29000),
(3207190, 3207, ' Rajadesa', 29000),
(3207200, 3207, ' Sukadana', 29000),
(3207210, 3207, ' Ciamis', 29000),
(3207211, 3207, ' Baregbeg', 29000),
(3207220, 3207, ' Cikoneng', 29000),
(3207221, 3207, ' Sindangkasih', 29000),
(3207230, 3207, ' Cihaurbeuti', 29000),
(3207240, 3207, ' Sadananya', 29000),
(3207250, 3207, ' Cipaku', 29000),
(3207260, 3207, ' Jatinagara', 29000),
(3207270, 3207, ' Panawangan', 29000),
(3207280, 3207, ' Kawali', 29000),
(3207281, 3207, ' Lumbung', 29000),
(3207290, 3207, ' Panjalu', 29000),
(3207291, 3207, ' Sukamantri', 29000),
(3207300, 3207, ' Panumbangan', 29000),
(3208010, 3208, ' Darma', 29000),
(3208020, 3208, ' Kadugede', 29000),
(3208021, 3208, ' Nusaherang', 29000),
(3208030, 3208, ' Ciniru', 29000),
(3208031, 3208, ' Hantara', 29000),
(3208040, 3208, ' Selajambe', 29000),
(3208050, 3208, ' Subang', 29000),
(3208051, 3208, ' Cilebak', 29000),
(3208060, 3208, ' Ciwaru', 29000),
(3208061, 3208, ' Karangkancana', 29000),
(3208070, 3208, ' Cibingbin', 29000),
(3208071, 3208, ' Cibeureum', 29000),
(3208080, 3208, ' Luragung', 29000),
(3208081, 3208, ' Cimahi', 29000),
(3208090, 3208, ' Cidahu', 29000),
(3208091, 3208, ' Kalimanggis', 29000),
(3208100, 3208, ' Ciawigebang', 29000),
(3208101, 3208, ' Cipicung', 29000),
(3208110, 3208, ' Lebakwangi', 29000),
(3208111, 3208, ' Maleber', 29000),
(3208120, 3208, ' Garawangi', 29000),
(3208121, 3208, ' Sidangagung', 29000),
(3208130, 3208, ' Kuningan', 29000),
(3208140, 3208, ' Cigugur', 29000),
(3208150, 3208, ' Kramatmulya', 29000),
(3208160, 3208, ' Jalaksana', 29000),
(3208161, 3208, ' Japara', 29000),
(3208170, 3208, ' Cilimus', 29000),
(3208171, 3208, ' Cigandamekar', 29000),
(3208180, 3208, ' Mandirancan', 29000),
(3208181, 3208, ' Pancalang', 29000),
(3208190, 3208, ' Pasawahan', 29000),
(3209010, 3209, ' Waled', 29000),
(3209011, 3209, ' Pasaleman', 29000),
(3209020, 3209, ' Ciledug', 29000),
(3209021, 3209, ' Pabuaran', 29000),
(3209030, 3209, ' Losari', 29000),
(3209031, 3209, ' Pabedilan', 29000),
(3209040, 3209, ' Babakan', 29000),
(3209041, 3209, ' Gebang', 29000),
(3209050, 3209, ' Karangsembung', 29000),
(3209051, 3209, ' Karangwareng', 29000),
(3209060, 3209, ' Lemahabang', 29000),
(3209061, 3209, ' Susukanlebak', 29000),
(3209070, 3209, ' Sedong', 29000),
(3209080, 3209, ' Astanajapura', 29000),
(3209081, 3209, ' Pangenan', 29000),
(3209090, 3209, ' Mundu', 29000),
(3209100, 3209, ' Beber', 29000),
(3209101, 3209, ' Greged', 29000),
(3209111, 3209, ' Talun', 29000),
(3209120, 3209, ' Sumber', 29000),
(3209121, 3209, ' Dukupuntang', 29000),
(3209130, 3209, ' Palimanan', 29000),
(3209140, 3209, ' Plumbon', 29000),
(3209141, 3209, ' Depok', 29000),
(3209150, 3209, ' Weru', 29000),
(3209151, 3209, ' Plered', 29000),
(3209161, 3209, ' Tengah Tani', 29000),
(3209162, 3209, ' Kedawung', 29000),
(3209171, 3209, ' Gunungjati', 29000),
(3209180, 3209, ' Kapetakan', 29000),
(3209181, 3209, ' Suranenggala', 29000),
(3209190, 3209, ' Klangenan', 29000),
(3209191, 3209, ' Jamblang', 29000),
(3209200, 3209, ' Arjawinangun', 29000),
(3209201, 3209, ' Panguragan', 29000),
(3209210, 3209, ' Ciwaringin', 29000),
(3209211, 3209, ' Gempol', 29000),
(3209220, 3209, ' Susukan', 29000),
(3209230, 3209, ' Gegesik', 29000),
(3209231, 3209, ' Kaliwedi', 29000),
(3210010, 3210, ' Lemahsugih', 29000),
(3210020, 3210, ' Bantarujeg', 29000),
(3210021, 3210, ' Malausma', 29000),
(3210030, 3210, ' Cikijing', 29000),
(3210031, 3210, ' Cingambul', 29000),
(3210040, 3210, ' Talaga', 29000),
(3210041, 3210, ' Banjaran', 29000),
(3210050, 3210, ' Argapura', 29000),
(3210060, 3210, ' Maja', 29000),
(3210070, 3210, ' Majalengka', 29000),
(3210080, 3210, ' Cigasong', 29000),
(3210090, 3210, ' Sukahaji', 29000),
(3210091, 3210, ' Sindang', 29000),
(3210100, 3210, ' Rajagaluh', 29000),
(3210110, 3210, ' Sindangwangi', 29000),
(3210120, 3210, ' Leuwimunding', 29000),
(3210130, 3210, ' Palasah', 29000),
(3210140, 3210, ' Jatiwangi', 29000),
(3210150, 3210, ' Dawuan', 29000),
(3210151, 3210, ' Kasokandel', 29000),
(3210160, 3210, ' Panyingkiran', 29000),
(3210170, 3210, ' Kadipaten', 29000),
(3210180, 3210, ' Kertajati', 29000),
(3210190, 3210, ' Jatitujuh', 29000),
(3210200, 3210, ' Ligung', 29000),
(3210210, 3210, ' Sumberjaya', 29000),
(3211010, 3211, ' Jatinangor', 29000),
(3211020, 3211, ' Cimanggung', 29000),
(3211030, 3211, ' Tanjungsari', 29000),
(3211031, 3211, ' Sukasari', 29000),
(3211032, 3211, ' Pamulihan', 29000),
(3211040, 3211, ' Rancakalong', 29000),
(3211050, 3211, ' Sumedang Selatan', 29000),
(3211060, 3211, ' Sumedang Utara', 29000),
(3211061, 3211, ' Ganeas', 29000),
(3211070, 3211, ' Situraja', 29000),
(3211071, 3211, ' Cisitu', 29000),
(3211080, 3211, ' Darmaraja', 29000),
(3211090, 3211, ' Cibugel', 29000),
(3211100, 3211, ' Wado', 29000),
(3211101, 3211, ' Jatinunggal', 29000),
(3211111, 3211, ' Jatigede', 29000),
(3211120, 3211, ' Tomo', 29000),
(3211130, 3211, ' Ujung Jaya', 29000),
(3211140, 3211, ' Conggeang', 29000),
(3211150, 3211, ' Paseh', 29000),
(3211160, 3211, ' Cimalaka', 29000),
(3211161, 3211, ' Cisarua', 29000),
(3211170, 3211, ' Tanjungkerta', 29000),
(3211171, 3211, ' Tanjungmedar', 29000),
(3211180, 3211, ' Buahdua', 29000),
(3211181, 3211, ' Surian', 29000),
(3212010, 3212, ' Haurgeulis', 29000),
(3212011, 3212, ' Gantar', 29000),
(3212020, 3212, ' Kroya', 29000),
(3212030, 3212, ' Gabuswetan', 29000),
(3212040, 3212, ' Cikedung', 29000),
(3212041, 3212, ' Terisi', 29000),
(3212050, 3212, ' Lelea', 29000),
(3212060, 3212, ' Bangodua', 29000),
(3212061, 3212, ' Tukdana', 29000),
(3212070, 3212, ' Widasari', 29000),
(3212080, 3212, ' Kertasemaya', 29000),
(3212081, 3212, ' Sukagumiwang', 29000),
(3212090, 3212, ' Krangkeng', 29000),
(3212100, 3212, ' Karangampel', 29000),
(3212101, 3212, ' Kedokan Bunder', 29000),
(3212110, 3212, ' Juntinyuat', 29000),
(3212120, 3212, ' Sliyeg', 29000),
(3212130, 3212, ' Jatibarang', 29000),
(3212140, 3212, ' Balongan', 29000),
(3212150, 3212, ' Indramayu', 29000),
(3212160, 3212, ' Sindang', 29000),
(3212161, 3212, ' Cantigi', 29000),
(3212162, 3212, ' Pasekan', 29000),
(3212170, 3212, ' Lohbener', 29000),
(3212171, 3212, ' Arahan', 29000),
(3212180, 3212, ' Losarang', 29000),
(3212190, 3212, ' Kandanghaur', 29000),
(3212200, 3212, ' Bongas', 29000),
(3212210, 3212, ' Anjatan', 29000),
(3212220, 3212, ' Sukra', 29000),
(3212221, 3212, ' Patrol', 29000),
(3213010, 3213, ' Sagalaherang', 29000),
(3213011, 3213, ' Serangpanjang', 29000),
(3213020, 3213, ' Jalancagak', 29000),
(3213021, 3213, ' Ciater', 29000),
(3213030, 3213, ' Cisalak', 29000),
(3213031, 3213, ' Kasomalang', 29000),
(3213040, 3213, ' Tanjungsiang', 29000),
(3213050, 3213, ' Cijambe', 29000),
(3213060, 3213, ' Cibogo', 29000),
(3213070, 3213, ' Subang', 29000),
(3213080, 3213, ' Kalijati', 29000),
(3213081, 3213, ' Dawuan', 29000),
(3213090, 3213, ' Cipeundeuy', 29000),
(3213100, 3213, ' Pabuaran', 29000),
(3213110, 3213, ' Patokbeusi', 29000),
(3213120, 3213, ' Purwadadi', 29000),
(3213130, 3213, ' Cikaum', 29000),
(3213140, 3213, ' Pagaden', 29000),
(3213141, 3213, ' Pagaden Barat', 29000),
(3213150, 3213, ' Cipunagara', 29000),
(3213160, 3213, ' Compreng', 29000),
(3213170, 3213, ' Binong', 29000),
(3213171, 3213, ' Tambakdahan', 29000),
(3213180, 3213, ' Ciasem', 29000),
(3213190, 3213, ' Pamanukan', 29000),
(3213191, 3213, ' Sukasari', 29000),
(3213200, 3213, ' Pusakanagara', 29000),
(3213201, 3213, ' Pusakajaya', 29000),
(3213210, 3213, ' Legonkulon', 29000),
(3213220, 3213, ' Blanakan', 29000),
(3214010, 3214, ' Jatiluhur', 25000),
(3214011, 3214, ' Sukasari', 25000),
(3214020, 3214, ' Maniis', 25000),
(3214030, 3214, ' Tegal Waru', 25000),
(3214040, 3214, ' Plered', 25000),
(3214050, 3214, ' Sukatani', 25000),
(3214060, 3214, ' Darangdan', 25000),
(3214070, 3214, ' Bojong', 25000),
(3214080, 3214, ' Wanayasa', 25000),
(3214081, 3214, ' Kiarapedes', 25000),
(3214090, 3214, ' Pasawahan', 25000),
(3214091, 3214, ' Pondok Salam', 25000),
(3214100, 3214, ' Purwakarta', 25000),
(3214101, 3214, ' Babakancikao', 25000),
(3214110, 3214, ' Campaka', 25000),
(3214111, 3214, ' Cibatu', 25000),
(3214112, 3214, ' Bungursari', 25000),
(3215010, 3215, ' Pangkalan', 25000),
(3215011, 3215, ' Tegalwaru', 25000),
(3215020, 3215, ' Ciampel', 25000),
(3215031, 3215, ' Telukjambe Timur', 25000),
(3215032, 3215, ' Telukjambe Barat', 25000),
(3215040, 3215, ' Klari', 25000),
(3215050, 3215, ' Cikampek', 25000),
(3215051, 3215, ' Purwasari', 25000),
(3215060, 3215, ' Tirtamulya', 25000),
(3215070, 3215, ' Jatisari', 25000),
(3215071, 3215, ' Banyusari', 25000),
(3215072, 3215, ' Kotabaru', 25000),
(3215081, 3215, ' Cilamaya Wetan', 25000),
(3215082, 3215, ' Cilamaya Kulon', 25000),
(3215090, 3215, ' Lemahabang', 25000),
(3215100, 3215, ' Talagasari', 25000),
(3215111, 3215, ' Majalaya', 25000),
(3215112, 3215, ' Karawang Timur', 25000),
(3215113, 3215, ' Karawang Barat', 25000),
(3215120, 3215, ' Rawamerta', 25000),
(3215130, 3215, ' Tempuran', 25000),
(3215140, 3215, ' Kutawaluya', 25000),
(3215150, 3215, ' Rengasdengklok', 25000),
(3215151, 3215, ' Jayakerta', 25000),
(3215160, 3215, ' Pedes', 25000),
(3215161, 3215, ' Cilebar', 25000),
(3215170, 3215, ' Cibuaya', 25000),
(3215180, 3215, ' Tirtajaya', 25000),
(3215190, 3215, ' Batujaya', 25000),
(3215200, 3215, ' Pakisjaya', 25000),
(3216010, 3216, ' Setu', 25000),
(3216021, 3216, ' Serang Baru', 25000),
(3216022, 3216, ' Cikarang Pusat', 25000),
(3216023, 3216, ' Cikarang Selatan', 25000),
(3216030, 3216, ' Cibarusah', 25000),
(3216031, 3216, ' Bojongmangu', 25000),
(3216041, 3216, ' Cikarang Timur', 25000),
(3216050, 3216, ' Kedungwaringin', 25000),
(3216061, 3216, ' Cikarang Utara', 25000),
(3216062, 3216, ' Karangbahagia', 25000),
(3216070, 3216, ' Cibitung', 25000),
(3216071, 3216, ' Cikarang Barat', 25000),
(3216081, 3216, ' Tambun Selatan', 25000),
(3216082, 3216, ' Tambun Utara', 25000),
(3216090, 3216, ' Babelan', 25000),
(3216100, 3216, ' Tarumajaya', 25000),
(3216110, 3216, ' Tambelang', 25000),
(3216111, 3216, ' Sukawangi', 25000),
(3216120, 3216, ' Sukatani', 25000),
(3216121, 3216, ' Sukakarya', 25000),
(3216130, 3216, ' Pebayuran', 25000),
(3216140, 3216, ' Cabangbungin', 25000),
(3216150, 3216, ' Muara Gembong', 25000),
(3217010, 3217, ' Rongga', 25000),
(3217020, 3217, ' Gununghalu', 25000),
(3217030, 3217, ' Sindangkerta', 25000),
(3217040, 3217, ' Cililin', 25000),
(3217050, 3217, ' Cihampelas', 25000),
(3217060, 3217, ' Cipongkor', 25000),
(3217070, 3217, ' Batujajar', 25000),
(3217071, 3217, ' Saguling', 25000),
(3217080, 3217, ' Cipatat', 25000),
(3217090, 3217, ' Padalarang', 25000),
(3217100, 3217, ' Ngamprah', 25000),
(3217110, 3217, ' Parongpong', 25000),
(3217120, 3217, ' Lembang', 25000),
(3217130, 3217, ' Cisarua', 25000),
(3217140, 3217, ' Cikalong Wetan', 25000),
(3217150, 3217, ' Cipeundeuy', 25000),
(3218010, 3218, ' Cimerak', 30000),
(3218020, 3218, ' Cijulang', 30000),
(3218030, 3218, ' Cigugur', 30000),
(3218040, 3218, ' Langkaplancar', 30000),
(3218050, 3218, ' Parigi', 30000),
(3218060, 3218, ' Sidamulih', 30000),
(3218070, 3218, ' Pangandaran', 30000),
(3218080, 3218, ' Kalipucang', 30000),
(3218090, 3218, ' Padaherang', 30000),
(3218100, 3218, ' Mangunjaya', 30000),
(3271010, 3271, ' Bogor Selatan', 24000),
(3271020, 3271, ' Bogor Timur', 24000),
(3271030, 3271, ' Bogor Utara', 24000),
(3271040, 3271, ' Bogor Tengah', 24000),
(3271050, 3271, ' Bogor Barat', 24000),
(3271060, 3271, ' Tanah Sereal', 24000),
(3272010, 3272, ' Baros', 25000),
(3272011, 3272, ' Lembursitu', 25000),
(3272012, 3272, ' Cibeureum', 25000),
(3272020, 3272, ' Citamiang', 25000),
(3272030, 3272, ' Warudoyong', 25000),
(3272040, 3272, ' Gunung Puyuh', 25000),
(3272050, 3272, ' Cikole', 25000),
(3273010, 3273, ' Bandung Kulon', 25000),
(3273020, 3273, ' Babakan Ciparay', 25000),
(3273030, 3273, ' Bojongloa Kaler', 25000),
(3273040, 3273, ' Bojongloa Kidul', 25000),
(3273050, 3273, ' Astanaanyar', 25000),
(3273060, 3273, ' Regol', 25000),
(3273070, 3273, ' Lengkong', 25000),
(3273080, 3273, ' Bandung Kidul', 25000),
(3273090, 3273, ' Buahbatu', 25000),
(3273100, 3273, ' Rancasari', 25000),
(3273101, 3273, ' Gedebage', 25000),
(3273110, 3273, ' Cibiru', 25000),
(3273111, 3273, ' Panyileukan', 25000),
(3273120, 3273, ' Ujung Berung', 25000),
(3273121, 3273, ' Cinambo', 25000),
(3273130, 3273, ' Arcamanik', 25000),
(3273141, 3273, ' Antapani', 25000),
(3273142, 3273, ' Mandalajati', 25000),
(3273150, 3273, ' Kiaracondong', 25000),
(3273160, 3273, ' Batununggal', 25000),
(3273170, 3273, ' Sumur Bandung', 25000),
(3273180, 3273, ' Andir', 25000),
(3273190, 3273, ' Cicendo', 25000),
(3273200, 3273, ' Bandung Wetan', 25000),
(3273210, 3273, ' Cibeunying Kidul', 25000),
(3273220, 3273, ' Cibeunying Kaler', 25000),
(3273230, 3273, ' Coblong', 25000),
(3273240, 3273, ' Sukajadi', 25000),
(3273250, 3273, ' Sukasari', 25000),
(3273260, 3273, ' Cidadap', 25000),
(3274010, 3274, ' Harjamukti', 25000),
(3274020, 3274, ' Lemahwungkuk', 25000),
(3274030, 3274, ' Pekalipan', 25000),
(3274040, 3274, ' Kesambi', 25000),
(3274050, 3274, ' Kejaksan', 25000),
(3275010, 3275, ' Pondokgede', 24000),
(3275011, 3275, ' Jatisampurna', 24000),
(3275012, 3275, ' Pondokmelati', 24000),
(3275020, 3275, ' Jatiasih', 24000),
(3275030, 3275, ' Bantargebang', 24000),
(3275031, 3275, ' Mustikajaya', 24000),
(3275040, 3275, ' Bekasi Timur', 24000),
(3275041, 3275, ' Rawalumbu', 24000),
(3275050, 3275, ' Bekasi Selatan', 24000),
(3275060, 3275, ' Bekasi Barat', 24000),
(3275061, 3275, ' Medan Satria', 24000),
(3275070, 3275, ' Bekasi Utara', 24000),
(3276010, 3276, ' Sawangan', 24000),
(3276011, 3276, ' Bojongsari', 24000),
(3276020, 3276, ' Pancoran Mas', 24000),
(3276021, 3276, ' Cipayung', 24000),
(3276030, 3276, ' Sukma Jaya', 24000),
(3276031, 3276, ' Cilodong', 24000),
(3276040, 3276, ' Cimanggis', 24000),
(3276041, 3276, ' Tapos', 24000),
(3276050, 3276, ' Beji', 24000),
(3276060, 3276, ' Limo', 24000),
(3276061, 3276, ' Cinere', 24000),
(3277010, 3277, ' Cimahi Selatan', 24000),
(3277020, 3277, ' Cimahi Tengah', 24000),
(3277030, 3277, ' Cimahi Utara', 24000),
(3278010, 3278, ' Kawalu', 24000),
(3278020, 3278, ' Tamansari', 24000),
(3278030, 3278, ' Cibeureum', 24000),
(3278031, 3278, ' Purbaratu', 24000),
(3278040, 3278, ' Tawang', 24000),
(3278050, 3278, ' Cihideung', 24000),
(3278060, 3278, ' Mangkubumi', 24000),
(3278070, 3278, ' Indihiang', 24000),
(3278071, 3278, ' Bungursari', 24000),
(3278080, 3278, ' Cipedes', 24000),
(3279010, 3279, ' Banjar', 25000),
(3279020, 3279, ' Purwaharja', 25000),
(3279030, 3279, ' Pataruman', 25000),
(3279040, 3279, ' Langensari', 25000),
(3301010, 3301, ' Dayeuhluhur', 26000),
(3301020, 3301, ' Wanareja', 26000),
(3301030, 3301, ' Majenang', 26000),
(3301040, 3301, ' Cimanggu', 26000),
(3301050, 3301, ' Karangpucung', 26000),
(3301060, 3301, ' Cipari', 26000),
(3301070, 3301, ' Sidareja', 26000),
(3301080, 3301, ' Kedungreja', 26000),
(3301090, 3301, ' Patimuan', 26000),
(3301100, 3301, ' Gandrungmangu', 26000),
(3301110, 3301, ' Bantarsari', 26000),
(3301120, 3301, ' Kawunganten', 26000),
(3301121, 3301, ' Kampung Laut', 26000),
(3301130, 3301, ' Jeruklegi', 26000),
(3301140, 3301, ' Kesugihan', 26000),
(3301150, 3301, ' Adipala', 26000),
(3301160, 3301, ' Maos', 26000),
(3301170, 3301, ' Sampang', 26000),
(3301180, 3301, ' Kroya', 26000),
(3301190, 3301, ' Binangun', 26000),
(3301200, 3301, ' Nusawungu', 26000),
(3301710, 3301, ' Cilacap Selatan', 26000),
(3301720, 3301, ' Cilacap Tengah', 26000),
(3301730, 3301, ' Cilacap Utara', 26000),
(3302010, 3302, ' Lumbir', 30000),
(3302020, 3302, ' Wangon', 30000),
(3302030, 3302, ' Jatilawang', 30000),
(3302040, 3302, ' Rawalo', 30000),
(3302050, 3302, ' Kebasen', 30000),
(3302060, 3302, ' Kemranjen', 30000),
(3302070, 3302, ' Sumpiuh', 30000),
(3302080, 3302, ' Tambak', 30000),
(3302090, 3302, ' Somagede', 30000),
(3302100, 3302, ' Kalibagor', 30000),
(3302110, 3302, ' Banyumas', 30000),
(3302120, 3302, ' Patikraja', 30000),
(3302130, 3302, ' Purwojati', 30000),
(3302140, 3302, ' Ajibarang', 30000),
(3302150, 3302, ' Gumelar', 30000),
(3302160, 3302, ' Pekuncen', 30000),
(3302170, 3302, ' Cilongok', 30000),
(3302180, 3302, ' Karanglewas', 30000),
(3302190, 3302, ' Kedung Banteng', 30000),
(3302200, 3302, ' Baturraden', 30000),
(3302210, 3302, ' Sumbang', 30000),
(3302220, 3302, ' Kembaran', 30000),
(3302230, 3302, ' Sokaraja', 30000),
(3302710, 3302, ' Purwokerto Selatan', 30000),
(3302720, 3302, ' Purwokerto Barat', 30000),
(3302730, 3302, ' Purwokerto Timur', 30000),
(3302740, 3302, ' Purwokerto Utara', 30000),
(3303010, 3303, ' Kemangkon', 30000),
(3303020, 3303, ' Bukateja', 30000),
(3303030, 3303, ' Kejobong', 30000),
(3303040, 3303, ' Pengadegan', 30000),
(3303050, 3303, ' Kaligondang', 30000),
(3303060, 3303, ' Purbalingga', 30000),
(3303070, 3303, ' Kalimanah', 30000),
(3303080, 3303, ' Padamara', 30000),
(3303090, 3303, ' Kutasari', 30000),
(3303100, 3303, ' Bojongsari', 30000),
(3303110, 3303, ' Mrebet', 30000),
(3303120, 3303, ' Bobotsari', 30000),
(3303130, 3303, ' Karangreja', 30000),
(3303131, 3303, ' Karangjambu', 30000),
(3303140, 3303, ' Karanganyar', 30000),
(3303141, 3303, ' Kertanegara', 30000),
(3303150, 3303, ' Karangmoncol', 30000),
(3303160, 3303, ' Rembang', 30000),
(3304010, 3304, ' Susukan', 30000),
(3304020, 3304, ' Purwareja Klampok', 30000),
(3304030, 3304, ' Mandiraja', 30000),
(3304040, 3304, ' Purwanegara', 30000),
(3304050, 3304, ' Bawang', 30000),
(3304060, 3304, ' Banjarnegara', 30000),
(3304061, 3304, ' Pagedongan', 30000),
(3304070, 3304, ' Sigaluh', 30000),
(3304080, 3304, ' Madukara', 30000),
(3304090, 3304, ' Banjarmangu', 30000),
(3304100, 3304, ' Wanadadi', 30000),
(3304110, 3304, ' Rakit', 30000),
(3304120, 3304, ' Punggelan', 30000),
(3304130, 3304, ' Karangkobar', 30000),
(3304140, 3304, ' Pagentan', 30000),
(3304150, 3304, ' Pejawaran', 30000),
(3304160, 3304, ' Batur', 30000),
(3304170, 3304, ' Wanayasa', 30000),
(3304180, 3304, ' Kalibening', 30000),
(3304181, 3304, ' Pandanarum', 30000),
(3305010, 3305, ' Ayah', 30000),
(3305020, 3305, ' Buayan', 30000),
(3305030, 3305, ' Puring', 30000),
(3305040, 3305, ' Petanahan', 30000),
(3305050, 3305, ' Klirong', 30000),
(3305060, 3305, ' Buluspesantren', 30000),
(3305070, 3305, ' Ambal', 30000),
(3305080, 3305, ' Mirit', 30000),
(3305081, 3305, ' Bonorowo', 30000),
(3305090, 3305, ' Prembun', 30000),
(3305091, 3305, ' Padureso', 30000),
(3305100, 3305, ' Kutowinangun', 30000),
(3305110, 3305, ' Alian', 30000),
(3305111, 3305, ' Poncowarno', 30000),
(3305120, 3305, ' Kebumen', 30000),
(3305130, 3305, ' Pejagoan', 30000),
(3305140, 3305, ' Sruweng', 30000),
(3305150, 3305, ' Adimulyo', 30000),
(3305160, 3305, ' Kuwarasan', 30000),
(3305170, 3305, ' Rowokele', 30000),
(3305180, 3305, ' Sempor', 30000),
(3305190, 3305, ' Gombong', 30000),
(3305200, 3305, ' Karanganyar', 30000),
(3305210, 3305, ' Karanggayam', 30000),
(3305220, 3305, ' Sadang', 30000),
(3305221, 3305, ' Karangsambung', 30000),
(3306010, 3306, ' Grabag', 30000),
(3306020, 3306, ' Ngombol', 30000),
(3306030, 3306, ' Purwodadi', 30000);
INSERT INTO `wilayah_kecamatan` (`id`, `kabupaten_id`, `nama`, `ongkir`) VALUES
(3306040, 3306, ' Bagelen', 30000),
(3306050, 3306, ' Kaligesing', 30000),
(3306060, 3306, ' Purworejo', 30000),
(3306070, 3306, ' Banyu Urip', 30000),
(3306080, 3306, ' Bayan', 30000),
(3306090, 3306, ' Kutoarjo', 30000),
(3306100, 3306, ' Butuh', 30000),
(3306110, 3306, ' Pituruh', 30000),
(3306120, 3306, ' Kemiri', 30000),
(3306130, 3306, ' Bruno', 30000),
(3306140, 3306, ' Gebang', 30000),
(3306150, 3306, ' Loano', 30000),
(3306160, 3306, ' Bener', 30000),
(3307010, 3307, ' Wadaslintang', 30000),
(3307020, 3307, ' Kepil', 30000),
(3307030, 3307, ' Sapuran', 30000),
(3307031, 3307, ' Kalibawang', 30000),
(3307040, 3307, ' Kaliwiro', 30000),
(3307050, 3307, ' Leksono', 30000),
(3307051, 3307, ' Sukoharjo', 30000),
(3307060, 3307, ' Selomerto', 30000),
(3307070, 3307, ' Kalikajar', 30000),
(3307080, 3307, ' Kertek', 30000),
(3307090, 3307, ' Wonosobo', 30000),
(3307100, 3307, ' Watumalang', 30000),
(3307110, 3307, ' Mojotengah', 30000),
(3307120, 3307, ' Garung', 30000),
(3307130, 3307, ' Kejajar', 30000),
(3308010, 3308, ' Salaman', 30000),
(3308020, 3308, ' Borobudur', 30000),
(3308030, 3308, ' Ngluwar', 30000),
(3308040, 3308, ' Salam', 30000),
(3308050, 3308, ' Srumbung', 30000),
(3308060, 3308, ' Dukun', 30000),
(3308070, 3308, ' Muntilan', 30000),
(3308080, 3308, ' Mungkid', 30000),
(3308090, 3308, ' Sawangan', 30000),
(3308100, 3308, ' Candimulyo', 30000),
(3308110, 3308, ' Mertoyudan', 30000),
(3308120, 3308, ' Tempuran', 30000),
(3308130, 3308, ' Kajoran', 30000),
(3308140, 3308, ' Kaliangkrik', 30000),
(3308150, 3308, ' Bandongan', 30000),
(3308160, 3308, ' Windusari', 30000),
(3308170, 3308, ' Secang', 30000),
(3308180, 3308, ' Tegalrejo', 30000),
(3308190, 3308, ' Pakis', 30000),
(3308200, 3308, ' Grabag', 30000),
(3308210, 3308, ' Ngablak', 30000),
(3309010, 3309, ' Selo', 30000),
(3309020, 3309, ' Ampel', 30000),
(3309030, 3309, ' Cepogo', 30000),
(3309040, 3309, ' Musuk', 30000),
(3309050, 3309, ' Boyolali', 30000),
(3309060, 3309, ' Mojosongo', 30000),
(3309070, 3309, ' Teras', 30000),
(3309080, 3309, ' Sawit', 30000),
(3309090, 3309, ' Banyudono', 30000),
(3309100, 3309, ' Sambi', 30000),
(3309110, 3309, ' Ngemplak', 30000),
(3309120, 3309, ' Nogosari', 30000),
(3309130, 3309, ' Simo', 30000),
(3309140, 3309, ' Karanggede', 30000),
(3309150, 3309, ' Klego', 30000),
(3309160, 3309, ' Andong', 30000),
(3309170, 3309, ' Kemusu', 30000),
(3309180, 3309, ' Wonosegoro', 30000),
(3309190, 3309, ' Juwangi', 30000),
(3310010, 3310, ' Prambanan', 30000),
(3310020, 3310, ' Gantiwarno', 30000),
(3310030, 3310, ' Wedi', 30000),
(3310040, 3310, ' Bayat', 30000),
(3310050, 3310, ' Cawas', 30000),
(3310060, 3310, ' Trucuk', 30000),
(3310070, 3310, ' Kalikotes', 30000),
(3310080, 3310, ' Kebonarum', 30000),
(3310090, 3310, ' Jogonalan', 30000),
(3310100, 3310, ' Manisrenggo', 30000),
(3310110, 3310, ' Karangnongko', 30000),
(3310120, 3310, ' Ngawen', 30000),
(3310130, 3310, ' Ceper', 30000),
(3310140, 3310, ' Pedan', 30000),
(3310150, 3310, ' Karangdowo', 30000),
(3310160, 3310, ' Juwiring', 30000),
(3310170, 3310, ' Wonosari', 30000),
(3310180, 3310, ' Delanggu', 30000),
(3310190, 3310, ' Polanharjo', 30000),
(3310200, 3310, ' Karanganom', 30000),
(3310210, 3310, ' Tulung', 30000),
(3310220, 3310, ' Jatinom', 30000),
(3310230, 3310, ' Kemalang', 30000),
(3310710, 3310, ' Klaten Selatan', 30000),
(3310720, 3310, ' Klaten Tengah', 30000),
(3310730, 3310, ' Klaten Utara', 30000),
(3311010, 3311, ' Weru', 30000),
(3311020, 3311, ' Bulu', 30000),
(3311030, 3311, ' Tawangsari', 30000),
(3311040, 3311, ' Sukoharjo', 30000),
(3311050, 3311, ' Nguter', 30000),
(3311060, 3311, ' Bendosari', 30000),
(3311070, 3311, ' Polokarto', 30000),
(3311080, 3311, ' Mojolaban', 30000),
(3311090, 3311, ' Grogol', 30000),
(3311100, 3311, ' Baki', 30000),
(3311110, 3311, ' Gatak', 30000),
(3311120, 3311, ' Kartasura', 30000),
(3312010, 3312, ' Pracimantoro', 30000),
(3312020, 3312, ' Paranggupito', 30000),
(3312030, 3312, ' Giritontro', 30000),
(3312040, 3312, ' Giriwoyo', 30000),
(3312050, 3312, ' Batuwarno', 30000),
(3312060, 3312, ' Karangtengah', 30000),
(3312070, 3312, ' Tirtomoyo', 30000),
(3312080, 3312, ' Nguntoronadi', 30000),
(3312090, 3312, ' Baturetno', 30000),
(3312100, 3312, ' Eromoko', 30000),
(3312110, 3312, ' Wuryantoro', 30000),
(3312120, 3312, ' Manyaran', 30000),
(3312130, 3312, ' Selogiri', 30000),
(3312140, 3312, ' Wonogiri', 30000),
(3312150, 3312, ' Ngadirojo', 30000),
(3312160, 3312, ' Sidoharjo', 30000),
(3312170, 3312, ' Jatiroto', 30000),
(3312180, 3312, ' Kismantoro', 30000),
(3312190, 3312, ' Purwantoro', 30000),
(3312200, 3312, ' Bulukerto', 30000),
(3312201, 3312, ' Puhpelem', 30000),
(3312210, 3312, ' Slogohimo', 30000),
(3312220, 3312, ' Jatisrono', 30000),
(3312230, 3312, ' Jatipurno', 30000),
(3312240, 3312, ' Girimarto', 30000),
(3313010, 3313, ' Jatipuro', 30000),
(3313020, 3313, ' Jatiyoso', 30000),
(3313030, 3313, ' Jumapolo', 30000),
(3313040, 3313, ' Jumantono', 30000),
(3313050, 3313, ' Matesih', 30000),
(3313060, 3313, ' Tawangmangu', 30000),
(3313070, 3313, ' Ngargoyoso', 30000),
(3313080, 3313, ' Karangpandan', 30000),
(3313090, 3313, ' Karanganyar', 30000),
(3313100, 3313, ' Tasikmadu', 30000),
(3313110, 3313, ' Jaten', 30000),
(3313120, 3313, ' Colomadu', 30000),
(3313130, 3313, ' Gondangrejo', 30000),
(3313140, 3313, ' Kebakkramat', 30000),
(3313150, 3313, ' Mojogedang', 30000),
(3313160, 3313, ' Kerjo', 30000),
(3313170, 3313, ' Jenawi', 30000),
(3314010, 3314, ' Kalijambe', 30000),
(3314020, 3314, ' Plupuh', 30000),
(3314030, 3314, ' Masaran', 30000),
(3314040, 3314, ' Kedawung', 30000),
(3314050, 3314, ' Sambirejo', 30000),
(3314060, 3314, ' Gondang', 30000),
(3314070, 3314, ' Sambung Macan', 30000),
(3314080, 3314, ' Ngrampal', 30000),
(3314090, 3314, ' Karangmalang', 30000),
(3314100, 3314, ' Sragen', 30000),
(3314110, 3314, ' Sidoharjo', 30000),
(3314120, 3314, ' Tanon', 30000),
(3314130, 3314, ' Gemolong', 30000),
(3314140, 3314, ' Miri', 30000),
(3314150, 3314, ' Sumberlawang', 30000),
(3314160, 3314, ' Mondokan', 30000),
(3314170, 3314, ' Sukodono', 30000),
(3314180, 3314, ' Gesi', 30000),
(3314190, 3314, ' Tangen', 30000),
(3314200, 3314, ' Jenar', 30000),
(3315010, 3315, ' Kedungjati', 30000),
(3315020, 3315, ' Karangrayung', 30000),
(3315030, 3315, ' Penawangan', 30000),
(3315040, 3315, ' Toroh', 30000),
(3315050, 3315, ' Geyer', 30000),
(3315060, 3315, ' Pulokulon', 30000),
(3315070, 3315, ' Kradenan', 30000),
(3315080, 3315, ' Gabus', 30000),
(3315090, 3315, ' Ngaringan', 30000),
(3315100, 3315, ' Wirosari', 30000),
(3315110, 3315, ' Tawangharjo', 30000),
(3315120, 3315, ' Grobogan', 30000),
(3315130, 3315, ' Purwodadi', 30000),
(3315140, 3315, ' Brati', 30000),
(3315150, 3315, ' Klambu', 30000),
(3315160, 3315, ' Godong', 30000),
(3315170, 3315, ' Gubug', 30000),
(3315180, 3315, ' Tegowanu', 30000),
(3315190, 3315, ' Tanggungharjo', 30000),
(3316010, 3316, ' Jati', 34000),
(3316020, 3316, ' Randublatung', 34000),
(3316030, 3316, ' Kradenan', 34000),
(3316040, 3316, ' Kedungtuban', 34000),
(3316050, 3316, ' Cepu', 34000),
(3316060, 3316, ' Sambong', 34000),
(3316070, 3316, ' Jiken', 34000),
(3316080, 3316, ' Bogorejo', 34000),
(3316090, 3316, ' Jepon', 34000),
(3316100, 3316, ' Kota Blora', 34000),
(3316110, 3316, ' Banjarejo', 34000),
(3316120, 3316, ' Tunjungan', 34000),
(3316130, 3316, ' Japah', 34000),
(3316140, 3316, ' Ngawen', 34000),
(3316150, 3316, ' Kunduran', 34000),
(3316160, 3316, ' Todanan', 34000),
(3317010, 3317, ' Sumber', 34000),
(3317020, 3317, ' Bulu', 34000),
(3317030, 3317, ' Gunem', 34000),
(3317040, 3317, ' Sale', 34000),
(3317050, 3317, ' Sarang', 34000),
(3317060, 3317, ' Sedan', 34000),
(3317070, 3317, ' Pamotan', 34000),
(3317080, 3317, ' Sulang', 34000),
(3317090, 3317, ' Kaliori', 34000),
(3317100, 3317, ' Rembang', 34000),
(3317110, 3317, ' Pancur', 34000),
(3317120, 3317, ' Kragan', 34000),
(3317130, 3317, ' Sluke', 34000),
(3317140, 3317, ' Lasem', 34000),
(3318010, 3318, ' Sukolilo', 34000),
(3318020, 3318, ' Kayen', 34000),
(3318030, 3318, ' Tambakromo', 34000),
(3318040, 3318, ' Winong', 34000),
(3318050, 3318, ' Pucakwangi', 34000),
(3318060, 3318, ' Jaken', 34000),
(3318070, 3318, ' Batangan', 34000),
(3318080, 3318, ' Juwana', 34000),
(3318090, 3318, ' Jakenan', 34000),
(3318100, 3318, ' Pati', 34000),
(3318110, 3318, ' Gabus', 34000),
(3318120, 3318, ' Margorejo', 34000),
(3318130, 3318, ' Gembong', 34000),
(3318140, 3318, ' Tlogowungu', 34000),
(3318150, 3318, ' Wedarijaksa', 34000),
(3318160, 3318, ' Trangkil', 34000),
(3318170, 3318, ' Margoyoso', 34000),
(3318180, 3318, ' Gunung Wungkal', 34000),
(3318190, 3318, ' Cluwak', 34000),
(3318200, 3318, ' Tayu', 34000),
(3318210, 3318, ' Dukuhseti', 34000),
(3319010, 3319, ' Kaliwungu', 34000),
(3319020, 3319, ' Kota Kudus', 34000),
(3319030, 3319, ' Jati', 34000),
(3319040, 3319, ' Undaan', 34000),
(3319050, 3319, ' Mejobo', 34000),
(3319060, 3319, ' Jekulo', 34000),
(3319070, 3319, ' Bae', 34000),
(3319080, 3319, ' Gebog', 34000),
(3319090, 3319, ' Dawe', 34000),
(3320010, 3320, ' Kedung', 34000),
(3320020, 3320, ' Pecangaan', 34000),
(3320021, 3320, ' Kalinyamatan', 34000),
(3320030, 3320, ' Welahan', 34000),
(3320040, 3320, ' Mayong', 34000),
(3320050, 3320, ' Nalumsari', 34000),
(3320060, 3320, ' Batealit', 34000),
(3320070, 3320, ' Tahunan', 34000),
(3320080, 3320, ' Jepara', 34000),
(3320090, 3320, ' Mlonggo', 34000),
(3320091, 3320, ' Pakis Aji', 34000),
(3320100, 3320, ' Bangsri', 34000),
(3320101, 3320, ' Kembang', 34000),
(3320110, 3320, ' Keling', 34000),
(3320111, 3320, ' Donorojo', 34000),
(3320120, 3320, ' Karimunjawa', 34000),
(3321010, 3321, ' Mranggen', 34000),
(3321020, 3321, ' Karangawen', 34000),
(3321030, 3321, ' Guntur', 34000),
(3321040, 3321, ' Sayung', 34000),
(3321050, 3321, ' Karang Tengah', 34000),
(3321060, 3321, ' Bonang', 34000),
(3321070, 3321, ' Demak', 34000),
(3321080, 3321, ' Wonosalam', 34000),
(3321090, 3321, ' Dempet', 34000),
(3321091, 3321, ' Kebonagung', 34000),
(3321100, 3321, ' Gajah', 34000),
(3321110, 3321, ' Karanganyar', 34000),
(3321120, 3321, ' Mijen', 34000),
(3321130, 3321, ' Wedung', 34000),
(3322010, 3322, ' Getasan', 34000),
(3322020, 3322, ' Tengaran', 34000),
(3322030, 3322, ' Susukan', 34000),
(3322031, 3322, ' Kaliwungu', 34000),
(3322040, 3322, ' Suruh', 34000),
(3322050, 3322, ' Pabelan', 34000),
(3322060, 3322, ' Tuntang', 34000),
(3322070, 3322, ' Banyubiru', 34000),
(3322080, 3322, ' Jambu', 34000),
(3322090, 3322, ' Sumowono', 34000),
(3322100, 3322, ' Ambarawa', 34000),
(3322101, 3322, ' Bandungan', 34000),
(3322110, 3322, ' Bawen', 34000),
(3322120, 3322, ' Bringin', 34000),
(3322121, 3322, ' Bancak', 34000),
(3322130, 3322, ' Pringapus', 34000),
(3322140, 3322, ' Bergas', 34000),
(3322151, 3322, ' Ungaran Barat', 34000),
(3322152, 3322, ' Ungaran Timur', 34000),
(3323010, 3323, ' Parakan', 34000),
(3323011, 3323, ' Kledung', 34000),
(3323012, 3323, ' Bansari', 34000),
(3323020, 3323, ' Bulu', 34000),
(3323030, 3323, ' Temanggung', 34000),
(3323031, 3323, ' Tlogomulyo', 34000),
(3323040, 3323, ' Tembarak', 34000),
(3323041, 3323, ' Selopampang', 34000),
(3323050, 3323, ' Kranggan', 34000),
(3323060, 3323, ' Pringsurat', 34000),
(3323070, 3323, ' Kaloran', 34000),
(3323080, 3323, ' Kandangan', 34000),
(3323090, 3323, ' Kedu', 34000),
(3323100, 3323, ' Ngadirejo', 34000),
(3323110, 3323, ' Jumo', 34000),
(3323111, 3323, ' Gemawang', 34000),
(3323120, 3323, ' Candiroto', 34000),
(3323121, 3323, ' Bejen', 34000),
(3323130, 3323, ' Tretep', 34000),
(3323131, 3323, ' Wonoboyo', 34000),
(3324010, 3324, ' Plantungan', 34000),
(3324020, 3324, ' Sukorejo', 34000),
(3324030, 3324, ' Pagerruyung', 34000),
(3324040, 3324, ' Patean', 34000),
(3324050, 3324, ' Singorojo', 34000),
(3324060, 3324, ' Limbangan', 34000),
(3324070, 3324, ' Boja', 34000),
(3324080, 3324, ' Kaliwungu', 34000),
(3324081, 3324, ' Kaliwungu Selatan', 34000),
(3324090, 3324, ' Brangsong', 34000),
(3324100, 3324, ' Pegandon', 34000),
(3324101, 3324, ' Ngampel', 34000),
(3324110, 3324, ' Gemuh', 34000),
(3324111, 3324, ' Ringinarum', 34000),
(3324120, 3324, ' Weleri', 34000),
(3324130, 3324, ' Rowosari', 34000),
(3324140, 3324, ' Kangkung', 34000),
(3324150, 3324, ' Cepiring', 34000),
(3324160, 3324, ' Patebon', 34000),
(3324170, 3324, ' Kota Kendal', 34000),
(3325010, 3325, ' Wonotunggal', 34000),
(3325020, 3325, ' Bandar', 34000),
(3325030, 3325, ' Blado', 34000),
(3325040, 3325, ' Reban', 34000),
(3325050, 3325, ' Bawang', 34000),
(3325060, 3325, ' Tersono', 34000),
(3325070, 3325, ' Gringsing', 34000),
(3325080, 3325, ' Limpung', 34000),
(3325081, 3325, ' Banyuputih', 34000),
(3325090, 3325, ' Subah', 34000),
(3325091, 3325, ' Pecalungan', 34000),
(3325100, 3325, ' Tulis', 34000),
(3325101, 3325, ' Kandeman', 34000),
(3325110, 3325, ' Batang', 34000),
(3325120, 3325, ' Warung Asem', 34000),
(3326010, 3326, ' Kandangserang', 30000),
(3326020, 3326, ' Paninggaran', 30000),
(3326030, 3326, ' Lebakbarang', 30000),
(3326040, 3326, ' Petungkriono', 30000),
(3326050, 3326, ' Talun', 30000),
(3326060, 3326, ' Doro', 30000),
(3326070, 3326, ' Karanganyar', 30000),
(3326080, 3326, ' Kajen', 30000),
(3326090, 3326, ' Kesesi', 30000),
(3326100, 3326, ' Sragi', 30000),
(3326101, 3326, ' Siwalan', 30000),
(3326110, 3326, ' Bojong', 30000),
(3326120, 3326, ' Wonopringgo', 30000),
(3326130, 3326, ' Kedungwuni', 30000),
(3326131, 3326, ' Karangdadap', 30000),
(3326140, 3326, ' Buaran', 30000),
(3326150, 3326, ' Tirto', 30000),
(3326160, 3326, ' Wiradesa', 30000),
(3326161, 3326, ' Wonokerto', 30000),
(3327010, 3327, ' Moga', 30000),
(3327011, 3327, ' Warungpring', 30000),
(3327020, 3327, ' Pulosari', 30000),
(3327030, 3327, ' Belik', 30000),
(3327040, 3327, ' Watukumpul', 30000),
(3327050, 3327, ' Bodeh', 30000),
(3327060, 3327, ' Bantarbolang', 30000),
(3327070, 3327, ' Randudongkal', 30000),
(3327080, 3327, ' Pemalang', 30000),
(3327090, 3327, ' Taman', 30000),
(3327100, 3327, ' Petarukan', 30000),
(3327110, 3327, ' Ampelgading', 30000),
(3327120, 3327, ' Comal', 30000),
(3327130, 3327, ' Ulujami', 30000),
(3328010, 3328, ' Margasari', 30000),
(3328020, 3328, ' Bumijawa', 30000),
(3328030, 3328, ' Bojong', 30000),
(3328040, 3328, ' Balapulang', 30000),
(3328050, 3328, ' Pagerbarang', 30000),
(3328060, 3328, ' Lebaksiu', 30000),
(3328070, 3328, ' Jatinegara', 30000),
(3328080, 3328, ' Kedung Banteng', 30000),
(3328090, 3328, ' Pangkah', 30000),
(3328100, 3328, ' Slawi', 30000),
(3328110, 3328, ' Dukuhwaru', 30000),
(3328120, 3328, ' Adiwerna', 30000),
(3328130, 3328, ' Dukuhturi', 30000),
(3328140, 3328, ' Talang', 30000),
(3328150, 3328, ' Tarub', 30000),
(3328160, 3328, ' Kramat', 30000),
(3328170, 3328, ' Suradadi', 30000),
(3328180, 3328, ' Warureja', 30000),
(3329010, 3329, ' Salem', 30000),
(3329020, 3329, ' Bantarkawung', 30000),
(3329030, 3329, ' Bumiayu', 30000),
(3329040, 3329, ' Paguyangan', 30000),
(3329050, 3329, ' Sirampog', 30000),
(3329060, 3329, ' Tonjong', 30000),
(3329070, 3329, ' Larangan', 30000),
(3329080, 3329, ' Ketanggungan', 30000),
(3329090, 3329, ' Banjarharjo', 30000),
(3329100, 3329, ' Losari', 30000),
(3329110, 3329, ' Tanjung', 30000),
(3329120, 3329, ' Kersana', 30000),
(3329130, 3329, ' Bulakamba', 30000),
(3329140, 3329, ' Wanasari', 30000),
(3329150, 3329, ' Songgom', 30000),
(3329160, 3329, ' Jatibarang', 30000),
(3329170, 3329, ' Brebes', 30000),
(3371010, 3371, ' Magelang Selatan', 26000),
(3371011, 3371, ' Magelang Tengah', 26000),
(3371020, 3371, ' Magelang Utara', 26000),
(3372010, 3372, ' Laweyan', 26000),
(3372020, 3372, ' Serengan', 26000),
(3372030, 3372, ' Pasar Kliwon', 26000),
(3372040, 3372, ' Jebres', 26000),
(3372050, 3372, ' Banjarsari', 26000),
(3373010, 3373, ' Argomulyo', 26000),
(3373020, 3373, ' Tingkir', 26000),
(3373030, 3373, ' Sidomukti', 26000),
(3373040, 3373, ' Sidorejo', 26000),
(3374010, 3374, ' Mijen', 26000),
(3374020, 3374, ' Gunung Pati', 26000),
(3374030, 3374, ' Banyumanik', 26000),
(3374040, 3374, ' Gajah Mungkur', 26000),
(3374050, 3374, ' Semarang Selatan', 26000),
(3374060, 3374, ' Candisari', 26000),
(3374070, 3374, ' Tembalang', 26000),
(3374080, 3374, ' Pedurungan', 26000),
(3374090, 3374, ' Genuk', 26000),
(3374100, 3374, ' Gayamsari', 26000),
(3374110, 3374, ' Semarang Timur', 26000),
(3374120, 3374, ' Semarang Utara', 26000),
(3374130, 3374, ' Semarang Tengah', 26000),
(3374140, 3374, ' Semarang Barat', 26000),
(3374150, 3374, ' Tugu', 26000),
(3374160, 3374, ' Ngaliyan', 26000),
(3375010, 3375, ' Pekalongan Barat', 26000),
(3375020, 3375, ' Pekalongan Timur', 26000),
(3375030, 3375, ' Pekalongan Selatan', 26000),
(3375040, 3375, ' Pekalongan Utara', 26000),
(3376010, 3376, ' Tegal Selatan', 26000),
(3376020, 3376, ' Tegal Timur', 26000),
(3376030, 3376, ' Tegal Barat', 26000),
(3376040, 3376, ' Margadana', 26000),
(3401010, 3401, ' Temon', 26000),
(3401020, 3401, ' Wates', 26000),
(3401030, 3401, ' Panjatan', 26000),
(3401040, 3401, ' Galur', 26000),
(3401050, 3401, ' Lendah', 26000),
(3401060, 3401, ' Sentolo', 26000),
(3401070, 3401, ' Pengasih', 26000),
(3401080, 3401, ' Kokap', 26000),
(3401090, 3401, ' Girimulyo', 26000),
(3401100, 3401, ' Nanggulan', 26000),
(3401110, 3401, ' Kalibawang', 26000),
(3401120, 3401, ' Samigaluh', 26000),
(3402010, 3402, ' Srandakan', 26000),
(3402020, 3402, ' Sanden', 26000),
(3402030, 3402, ' Kretek', 26000),
(3402040, 3402, ' Pundong', 26000),
(3402050, 3402, ' Bambang Lipuro', 26000),
(3402060, 3402, ' Pandak', 26000),
(3402070, 3402, ' Bantul', 26000),
(3402080, 3402, ' Jetis', 26000),
(3402090, 3402, ' Imogiri', 26000),
(3402100, 3402, ' Dlingo', 26000),
(3402110, 3402, ' Pleret', 26000),
(3402120, 3402, ' Piyungan', 26000),
(3402130, 3402, ' Banguntapan', 26000),
(3402140, 3402, ' Sewon', 26000),
(3402150, 3402, ' Kasihan', 26000),
(3402160, 3402, ' Pajangan', 26000),
(3402170, 3402, ' Sedayu', 26000),
(3403010, 3403, ' Panggang', 26000),
(3403011, 3403, ' Purwosari', 26000),
(3403020, 3403, ' Paliyan', 26000),
(3403030, 3403, ' Sapto Sari', 26000),
(3403040, 3403, ' Tepus', 26000),
(3403041, 3403, ' Tanjungsari', 26000),
(3403050, 3403, ' Rongkop', 26000),
(3403051, 3403, ' Girisubo', 26000),
(3403060, 3403, ' Semanu', 26000),
(3403070, 3403, ' Ponjong', 26000),
(3403080, 3403, ' Karangmojo', 26000),
(3403090, 3403, ' Wonosari', 26000),
(3403100, 3403, ' Playen', 26000),
(3403110, 3403, ' Patuk', 26000),
(3403120, 3403, ' Gedang Sari', 26000),
(3403130, 3403, ' Nglipar', 26000),
(3403140, 3403, ' Ngawen', 26000),
(3403150, 3403, ' Semin', 26000),
(3404010, 3404, ' Moyudan', 26000),
(3404020, 3404, ' Minggir', 26000),
(3404030, 3404, ' Seyegan', 26000),
(3404040, 3404, ' Godean', 26000),
(3404050, 3404, ' Gamping', 26000),
(3404060, 3404, ' Mlati', 26000),
(3404070, 3404, ' Depok', 26000),
(3404080, 3404, ' Berbah', 26000),
(3404090, 3404, ' Prambanan', 26000),
(3404100, 3404, ' Kalasan', 26000),
(3404110, 3404, ' Ngemplak', 26000),
(3404120, 3404, ' Ngaglik', 26000),
(3404130, 3404, ' Sleman', 26000),
(3404140, 3404, ' Tempel', 26000),
(3404150, 3404, ' Turi', 26000),
(3404160, 3404, ' Pakem', 26000),
(3404170, 3404, ' Cangkringan', 26000),
(3471010, 3471, ' Mantrijeron', 26000),
(3471020, 3471, ' Kraton', 26000),
(3471030, 3471, ' Mergangsan', 26000),
(3471040, 3471, ' Umbulharjo', 26000),
(3471050, 3471, ' Kotagede', 26000),
(3471060, 3471, ' Gondokusuman', 26000),
(3471070, 3471, ' Danurejan', 26000),
(3471080, 3471, ' Pakualaman', 26000),
(3471090, 3471, ' Gondomanan', 26000),
(3471100, 3471, ' Ngampilan', 26000),
(3471110, 3471, ' Wirobrajan', 26000),
(3471120, 3471, ' Gedong Tengen', 26000),
(3471130, 3471, ' Jetis', 26000),
(3471140, 3471, ' Tegalrejo', 26000),
(3501010, 3501, ' Donorojo', 37000),
(3501020, 3501, ' Punung', 37000),
(3501030, 3501, ' Pringkuku', 37000),
(3501040, 3501, ' Pacitan', 37000),
(3501050, 3501, ' Kebonagung', 37000),
(3501060, 3501, ' Arjosari', 37000),
(3501070, 3501, ' Nawangan', 37000),
(3501080, 3501, ' Bandar', 37000),
(3501090, 3501, ' Tegalombo', 37000),
(3501100, 3501, ' Tulakan', 37000),
(3501110, 3501, ' Ngadirojo', 37000),
(3501120, 3501, ' Sudimoro', 37000),
(3502010, 3502, ' Ngrayun', 37000),
(3502020, 3502, ' Slahung', 37000),
(3502030, 3502, ' Bungkal', 37000),
(3502040, 3502, ' Sambit', 37000),
(3502050, 3502, ' Sawoo', 37000),
(3502060, 3502, ' Sooko', 37000),
(3502061, 3502, ' Pudak', 37000),
(3502070, 3502, ' Pulung', 37000),
(3502080, 3502, ' Mlarak', 37000),
(3502090, 3502, ' Siman', 37000),
(3502100, 3502, ' Jetis', 37000),
(3502110, 3502, ' Balong', 37000),
(3502120, 3502, ' Kauman', 37000),
(3502130, 3502, ' Jambon', 37000),
(3502140, 3502, ' Badegan', 37000),
(3502150, 3502, ' Sampung', 37000),
(3502160, 3502, ' Sukorejo', 37000),
(3502170, 3502, ' Ponorogo', 37000),
(3502180, 3502, ' Babadan', 37000),
(3502190, 3502, ' Jenangan', 37000),
(3502200, 3502, ' Ngebel', 37000),
(3503010, 3503, ' Panggul', 37000),
(3503020, 3503, ' Munjungan', 37000),
(3503030, 3503, ' Watulimo', 37000),
(3503040, 3503, ' Kampak', 37000),
(3503050, 3503, ' Dongko', 37000),
(3503060, 3503, ' Pule', 37000),
(3503070, 3503, ' Karangan', 37000),
(3503071, 3503, ' Suruh', 37000),
(3503080, 3503, ' Gandusari', 37000),
(3503090, 3503, ' Durenan', 37000),
(3503100, 3503, ' Pogalan', 37000),
(3503110, 3503, ' Trenggalek', 37000),
(3503120, 3503, ' Tugu', 37000),
(3503130, 3503, ' Bendungan', 37000),
(3504010, 3504, ' Besuki', 37000),
(3504020, 3504, ' Bandung', 37000),
(3504030, 3504, ' Pakel', 37000),
(3504040, 3504, ' Campur Darat', 37000),
(3504050, 3504, ' Tanggung Gunung', 37000),
(3504060, 3504, ' Kalidawir', 37000),
(3504070, 3504, ' Pucang Laban', 37000),
(3504080, 3504, ' Rejotangan', 37000),
(3504090, 3504, ' Ngunut', 37000),
(3504100, 3504, ' Sumbergempol', 37000),
(3504110, 3504, ' Boyolangu', 37000),
(3504120, 3504, ' Tulungagung', 37000),
(3504130, 3504, ' Kedungwaru', 37000),
(3504140, 3504, ' Ngantru', 37000),
(3504150, 3504, ' Karangrejo', 37000),
(3504160, 3504, ' Kauman', 37000),
(3504170, 3504, ' Gondang', 37000),
(3504180, 3504, ' Pager Wojo', 37000),
(3504190, 3504, ' Sendang', 37000),
(3505010, 3505, ' Bakung', 37000),
(3505020, 3505, ' Wonotirto', 37000),
(3505030, 3505, ' Panggungrejo', 37000),
(3505040, 3505, ' Wates', 37000),
(3505050, 3505, ' Binangun', 37000),
(3505060, 3505, ' Sutojayan', 37000),
(3505070, 3505, ' Kademangan', 37000),
(3505080, 3505, ' Kanigoro', 37000),
(3505090, 3505, ' Talun', 37000),
(3505100, 3505, ' Selopuro', 37000),
(3505110, 3505, ' Kesamben', 37000),
(3505120, 3505, ' Selorejo', 37000),
(3505130, 3505, ' Doko', 37000),
(3505140, 3505, ' Wlingi', 37000),
(3505150, 3505, ' Gandusari', 37000),
(3505160, 3505, ' Garum', 37000),
(3505170, 3505, ' Nglegok', 37000),
(3505180, 3505, ' Sanankulon', 37000),
(3505190, 3505, ' Ponggok', 37000),
(3505200, 3505, ' Srengat', 37000),
(3505210, 3505, ' Wonodadi', 37000),
(3505220, 3505, ' Udanawu', 37000),
(3506010, 3506, ' Mojo', 37000),
(3506020, 3506, ' Semen', 37000),
(3506030, 3506, ' Ngadiluwih', 37000),
(3506040, 3506, ' Kras', 37000),
(3506050, 3506, ' Ringinrejo', 37000),
(3506060, 3506, ' Kandat', 37000),
(3506070, 3506, ' Wates', 37000),
(3506080, 3506, ' Ngancar', 37000),
(3506090, 3506, ' Plosoklaten', 37000),
(3506100, 3506, ' Gurah', 37000),
(3506110, 3506, ' Puncu', 37000),
(3506120, 3506, ' Kepung', 37000),
(3506130, 3506, ' Kandangan', 37000),
(3506140, 3506, ' Pare', 37000),
(3506141, 3506, ' Badas', 37000),
(3506150, 3506, ' Kunjang', 37000),
(3506160, 3506, ' Plemahan', 37000),
(3506170, 3506, ' Purwoasri', 37000),
(3506180, 3506, ' Papar', 37000),
(3506190, 3506, ' Pagu', 37000),
(3506191, 3506, ' Kayen Kidul', 37000),
(3506200, 3506, ' Gampengrejo', 37000),
(3506201, 3506, ' Ngasem', 37000),
(3506210, 3506, ' Banyakan', 37000),
(3506220, 3506, ' Grogol', 37000),
(3506230, 3506, ' Tarokan', 37000),
(3507010, 3507, ' Donomulyo', 37000),
(3507020, 3507, ' Kalipare', 37000),
(3507030, 3507, ' Pagak', 37000),
(3507040, 3507, ' Bantur', 37000),
(3507050, 3507, ' Gedangan', 37000),
(3507060, 3507, ' Sumbermanjing', 37000),
(3507070, 3507, ' Dampit', 37000),
(3507080, 3507, ' Tirto Yudo', 37000),
(3507090, 3507, ' Ampelgading', 37000),
(3507100, 3507, ' Poncokusumo', 37000),
(3507110, 3507, ' Wajak', 37000),
(3507120, 3507, ' Turen', 37000),
(3507130, 3507, ' Bululawang', 37000),
(3507140, 3507, ' Gondanglegi', 37000),
(3507150, 3507, ' Pagelaran', 37000),
(3507160, 3507, ' Kepanjen', 37000),
(3507170, 3507, ' Sumber Pucung', 37000),
(3507180, 3507, ' Kromengan', 37000),
(3507190, 3507, ' Ngajum', 37000),
(3507200, 3507, ' Wonosari', 37000),
(3507210, 3507, ' Wagir', 37000),
(3507220, 3507, ' Pakisaji', 37000),
(3507230, 3507, ' Tajinan', 37000),
(3507240, 3507, ' Tumpang', 37000),
(3507250, 3507, ' Pakis', 37000),
(3507260, 3507, ' Jabung', 37000),
(3507270, 3507, ' Lawang', 37000),
(3507280, 3507, ' Singosari', 37000),
(3507290, 3507, ' Karangploso', 37000),
(3507300, 3507, ' Dau', 37000),
(3507310, 3507, ' Pujon', 37000),
(3507320, 3507, ' Ngantang', 37000),
(3507330, 3507, ' Kasembon', 37000),
(3508010, 3508, ' Tempursari', 37000),
(3508020, 3508, ' Pronojiwo', 37000),
(3508030, 3508, ' Candipuro', 37000),
(3508040, 3508, ' Pasirian', 37000),
(3508050, 3508, ' Tempeh', 37000),
(3508060, 3508, ' Lumajang', 37000),
(3508061, 3508, ' Sumbersuko', 37000),
(3508070, 3508, ' Tekung', 37000),
(3508080, 3508, ' Kunir', 37000),
(3508090, 3508, ' Yosowilangun', 37000),
(3508100, 3508, ' Rowokangkung', 37000),
(3508110, 3508, ' Jatiroto', 37000),
(3508120, 3508, ' Randuagung', 37000),
(3508130, 3508, ' Sukodono', 37000),
(3508140, 3508, ' Padang', 37000),
(3508150, 3508, ' Pasrujambe', 37000),
(3508160, 3508, ' Senduro', 37000),
(3508170, 3508, ' Gucialit', 37000),
(3508180, 3508, ' Kedungjajang', 37000),
(3508190, 3508, ' Klakah', 37000),
(3508200, 3508, ' Ranuyoso', 37000),
(3509010, 3509, ' Kencong', 37000),
(3509020, 3509, ' Gumuk Mas', 37000),
(3509030, 3509, ' Puger', 37000),
(3509040, 3509, ' Wuluhan', 37000),
(3509050, 3509, ' Ambulu', 37000),
(3509060, 3509, ' Tempurejo', 37000),
(3509070, 3509, ' Silo', 37000),
(3509080, 3509, ' Mayang', 37000),
(3509090, 3509, ' Mumbulsari', 37000),
(3509100, 3509, ' Jenggawah', 37000),
(3509110, 3509, ' Ajung', 37000),
(3509120, 3509, ' Rambipuji', 37000),
(3509130, 3509, ' Balung', 37000),
(3509140, 3509, ' Umbulsari', 37000),
(3509150, 3509, ' Semboro', 37000),
(3509160, 3509, ' Jombang', 37000),
(3509170, 3509, ' Sumber Baru', 37000),
(3509180, 3509, ' Tanggul', 37000),
(3509190, 3509, ' Bangsalsari', 37000),
(3509200, 3509, ' Panti', 37000),
(3509210, 3509, ' Sukorambi', 37000),
(3509220, 3509, ' Arjasa', 37000),
(3509230, 3509, ' Pakusari', 37000),
(3509240, 3509, ' Kalisat', 37000),
(3509250, 3509, ' Ledokombo', 37000),
(3509260, 3509, ' Sumberjambe', 37000),
(3509270, 3509, ' Sukowono', 37000),
(3509280, 3509, ' Jelbuk', 37000),
(3509710, 3509, ' Kaliwates', 37000),
(3509720, 3509, ' Sumbersari', 37000),
(3509730, 3509, ' Patrang', 37000),
(3510010, 3510, ' Pesanggaran', 37000),
(3510011, 3510, ' Siliragung', 37000),
(3510020, 3510, ' Bangorejo', 37000),
(3510030, 3510, ' Purwoharjo', 37000),
(3510040, 3510, ' Tegaldlimo', 37000),
(3510050, 3510, ' Muncar', 37000),
(3510060, 3510, ' Cluring', 37000),
(3510070, 3510, ' Gambiran', 37000),
(3510071, 3510, ' Tegalsari', 37000),
(3510080, 3510, ' Glenmore', 37000),
(3510090, 3510, ' Kalibaru', 37000),
(3510100, 3510, ' Genteng', 37000),
(3510110, 3510, ' Srono', 37000),
(3510120, 3510, ' Rogojampi', 37000),
(3510130, 3510, ' Kabat', 37000),
(3510140, 3510, ' Singojuruh', 37000),
(3510150, 3510, ' Sempu', 37000),
(3510160, 3510, ' Songgon', 37000),
(3510170, 3510, ' Glagah', 37000),
(3510171, 3510, ' Licin', 37000),
(3510180, 3510, ' Banyuwangi', 37000),
(3510190, 3510, ' Giri', 37000),
(3510200, 3510, ' Kalipuro', 37000),
(3510210, 3510, ' Wongsorejo', 37000),
(3511010, 3511, ' Maesan', 37000),
(3511020, 3511, ' Grujugan', 37000),
(3511030, 3511, ' Tamanan', 37000),
(3511031, 3511, ' Jambesari Darus Sh', 37000),
(3511040, 3511, ' Pujer', 37000),
(3511050, 3511, ' Tlogosari', 37000),
(3511060, 3511, ' Sukosari', 37000),
(3511061, 3511, ' Sumber Wringin', 37000),
(3511070, 3511, ' Tapen', 37000),
(3511080, 3511, ' Wonosari', 37000),
(3511090, 3511, ' Tenggarang', 37000),
(3511100, 3511, ' Bondowoso', 37000),
(3511110, 3511, ' Curah Dami', 37000),
(3511111, 3511, ' Binakal', 37000),
(3511120, 3511, ' Pakem', 37000),
(3511130, 3511, ' Wringin', 37000),
(3511140, 3511, ' Tegalampel', 37000),
(3511141, 3511, ' Taman Krocok', 37000),
(3511150, 3511, ' Klabang', 37000),
(3511151, 3511, ' Sempol', 37000),
(3511152, 3511, ' Botolinggo', 37000),
(3511160, 3511, ' Prajekan', 37000),
(3511170, 3511, ' Cermee', 37000),
(3512010, 3512, ' Sumbermalang', 37000),
(3512020, 3512, ' Jatibanteng', 37000),
(3512030, 3512, ' Banyuglugur', 37000),
(3512040, 3512, ' Besuki', 37000),
(3512050, 3512, ' Suboh', 37000),
(3512060, 3512, ' Mlandingan', 37000),
(3512070, 3512, ' Bungatan', 37000),
(3512080, 3512, ' Kendit', 37000),
(3512090, 3512, ' Panarukan', 37000),
(3512100, 3512, ' Situbondo', 37000),
(3512110, 3512, ' Mangaran', 37000),
(3512120, 3512, ' Panji', 37000),
(3512130, 3512, ' Kapongan', 37000),
(3512140, 3512, ' Arjasa', 37000),
(3512150, 3512, ' Jangkar', 37000),
(3512160, 3512, ' Asembagus', 37000),
(3512170, 3512, ' Banyuputih', 37000),
(3513010, 3513, ' Sukapura', 37000),
(3513020, 3513, ' Sumber', 37000),
(3513030, 3513, ' Kuripan', 37000),
(3513040, 3513, ' Bantaran', 37000),
(3513050, 3513, ' Leces', 37000),
(3513060, 3513, ' Tegalsiwalan', 37000),
(3513070, 3513, ' Banyuanyar', 37000),
(3513080, 3513, ' Tiris', 37000),
(3513090, 3513, ' Krucil', 37000),
(3513100, 3513, ' Gading', 37000),
(3513110, 3513, ' Pakuniran', 37000),
(3513120, 3513, ' Kotaanyar', 37000),
(3513130, 3513, ' Paiton', 37000),
(3513140, 3513, ' Besuk', 37000),
(3513150, 3513, ' Kraksaan', 37000),
(3513160, 3513, ' Krejengan', 37000),
(3513170, 3513, ' Pajarakan', 37000),
(3513180, 3513, ' Maron', 37000),
(3513190, 3513, ' Gending', 37000),
(3513200, 3513, ' Dringu', 37000),
(3513210, 3513, ' Wonomerto', 37000),
(3513220, 3513, ' Lumbang', 37000),
(3513230, 3513, ' Tongas', 37000),
(3513240, 3513, ' Sumberasih', 37000),
(3514010, 3514, ' Purwodadi', 37000),
(3514020, 3514, ' Tutur', 37000),
(3514030, 3514, ' Puspo', 37000),
(3514040, 3514, ' Tosari', 37000),
(3514050, 3514, ' Lumbang', 37000),
(3514060, 3514, ' Pasrepan', 37000),
(3514070, 3514, ' Kejayan', 37000),
(3514080, 3514, ' Wonorejo', 37000),
(3514090, 3514, ' Purwosari', 37000),
(3514100, 3514, ' Prigen', 37000),
(3514110, 3514, ' Sukorejo', 37000),
(3514120, 3514, ' Pandaan', 37000),
(3514130, 3514, ' Gempol', 37000),
(3514140, 3514, ' Beji', 37000),
(3514150, 3514, ' Bangil', 37000),
(3514160, 3514, ' Rembang', 37000),
(3514170, 3514, ' Kraton', 37000),
(3514180, 3514, ' Pohjentrek', 37000),
(3514190, 3514, ' Gondang Wetan', 37000),
(3514200, 3514, ' Rejoso', 37000),
(3514210, 3514, ' Winongan', 37000),
(3514220, 3514, ' Grati', 37000),
(3514230, 3514, ' Lekok', 37000),
(3514240, 3514, ' Nguling', 37000),
(3515010, 3515, ' Tarik', 37000),
(3515020, 3515, ' Prambon', 37000),
(3515030, 3515, ' Krembung', 37000),
(3515040, 3515, ' Porong', 37000),
(3515050, 3515, ' Jabon', 37000),
(3515060, 3515, ' Tanggulangin', 37000),
(3515070, 3515, ' Candi', 37000),
(3515080, 3515, ' Tulangan', 37000),
(3515090, 3515, ' Wonoayu', 37000),
(3515100, 3515, ' Sukodono', 37000),
(3515110, 3515, ' Sidoarjo', 37000),
(3515120, 3515, ' Buduran', 37000),
(3515130, 3515, ' Sedati', 37000),
(3515140, 3515, ' Waru', 37000),
(3515150, 3515, ' Gedangan', 37000),
(3515160, 3515, ' Taman', 37000),
(3515170, 3515, ' Krian', 37000),
(3515180, 3515, ' Balong Bendo', 37000),
(3516010, 3516, ' Jatirejo', 37000),
(3516020, 3516, ' Gondang', 37000),
(3516030, 3516, ' Pacet', 37000),
(3516040, 3516, ' Trawas', 37000),
(3516050, 3516, ' Ngoro', 37000),
(3516060, 3516, ' Pungging', 37000),
(3516070, 3516, ' Kutorejo', 37000),
(3516080, 3516, ' Mojosari', 37000),
(3516090, 3516, ' Bangsal', 37000),
(3516091, 3516, ' Mojoanyar', 37000),
(3516100, 3516, ' Dlanggu', 37000),
(3516110, 3516, ' Puri', 37000),
(3516120, 3516, ' Trowulan', 37000),
(3516130, 3516, ' Sooko', 37000),
(3516140, 3516, ' Gedek', 37000),
(3516150, 3516, ' Kemlagi', 37000),
(3516160, 3516, ' Jetis', 37000),
(3516170, 3516, ' Dawar Blandong', 37000),
(3517010, 3517, ' Bandar Kedung Muly', 37000),
(3517020, 3517, ' Perak', 37000),
(3517030, 3517, ' Gudo', 37000),
(3517040, 3517, ' Diwek', 37000),
(3517050, 3517, ' Ngoro', 37000),
(3517060, 3517, ' Mojowarno', 37000),
(3517070, 3517, ' Bareng', 37000),
(3517080, 3517, ' Wonosalam', 37000),
(3517090, 3517, ' Mojoagung', 37000),
(3517100, 3517, ' Sumobito', 37000),
(3517110, 3517, ' Jogo Roto', 37000),
(3517120, 3517, ' Peterongan', 37000),
(3517130, 3517, ' Jombang', 37000),
(3517140, 3517, ' Megaluh', 37000),
(3517150, 3517, ' Tembelang', 37000),
(3517160, 3517, ' Kesamben', 37000),
(3517170, 3517, ' Kudu', 37000),
(3517171, 3517, ' Ngusikan', 37000),
(3517180, 3517, ' Ploso', 37000),
(3517190, 3517, ' Kabuh', 37000),
(3517200, 3517, ' Plandaan', 37000),
(3518010, 3518, ' Sawahan', 37000),
(3518020, 3518, ' Ngetos', 37000),
(3518030, 3518, ' Berbek', 37000),
(3518040, 3518, ' Loceret', 37000),
(3518050, 3518, ' Pace', 37000),
(3518060, 3518, ' Tanjunganom', 37000),
(3518070, 3518, ' Prambon', 37000),
(3518080, 3518, ' Ngronggot', 37000),
(3518090, 3518, ' Kertosono', 37000),
(3518100, 3518, ' Patianrowo', 37000),
(3518110, 3518, ' Baron', 37000),
(3518120, 3518, ' Gondang', 37000),
(3518130, 3518, ' Sukomoro', 37000),
(3518140, 3518, ' Nganjuk', 37000),
(3518150, 3518, ' Bagor', 37000),
(3518160, 3518, ' Wilangan', 37000),
(3518170, 3518, ' Rejoso', 37000),
(3518180, 3518, ' Ngluyu', 37000),
(3518190, 3518, ' Lengkong', 37000),
(3518200, 3518, ' Jatikalen', 37000),
(3519010, 3519, ' Kebonsari', 37000),
(3519020, 3519, ' Geger', 37000),
(3519030, 3519, ' Dolopo', 37000),
(3519040, 3519, ' Dagangan', 37000),
(3519050, 3519, ' Wungu', 37000),
(3519060, 3519, ' Kare', 37000),
(3519070, 3519, ' Gemarang', 37000),
(3519080, 3519, ' Saradan', 37000),
(3519090, 3519, ' Pilangkenceng', 37000),
(3519100, 3519, ' Mejayan', 37000),
(3519110, 3519, ' Wonoasri', 37000),
(3519120, 3519, ' Balerejo', 37000),
(3519130, 3519, ' Madiun', 37000),
(3519140, 3519, ' Sawahan', 37000),
(3519150, 3519, ' Jiwan', 37000),
(3520010, 3520, ' Poncol', 37000),
(3520020, 3520, ' Parang', 37000),
(3520030, 3520, ' Lembeyan', 37000),
(3520040, 3520, ' Takeran', 37000),
(3520041, 3520, ' Nguntoronadi', 37000),
(3520050, 3520, ' Kawedanan', 37000),
(3520060, 3520, ' Magetan', 37000),
(3520061, 3520, ' Ngariboyo', 37000),
(3520070, 3520, ' Plaosan', 37000),
(3520071, 3520, ' Sidorejo', 37000),
(3520080, 3520, ' Panekan', 37000),
(3520090, 3520, ' Sukomoro', 37000),
(3520100, 3520, ' Bendo', 37000),
(3520110, 3520, ' Maospati', 37000),
(3520120, 3520, ' Karangrejo', 37000),
(3520121, 3520, ' Karas', 37000),
(3520130, 3520, ' Barat', 37000),
(3520131, 3520, ' Kartoharjo', 37000),
(3521010, 3521, ' Sine', 37000),
(3521020, 3521, ' Ngrambe', 37000),
(3521030, 3521, ' Jogorogo', 37000),
(3521040, 3521, ' Kendal', 37000),
(3521050, 3521, ' Geneng', 37000),
(3521051, 3521, ' Gerih', 37000),
(3521060, 3521, ' Kwadungan', 37000),
(3521070, 3521, ' Pangkur', 37000),
(3521080, 3521, ' Karangjati', 37000),
(3521090, 3521, ' Bringin', 37000),
(3521100, 3521, ' Padas', 37000),
(3521101, 3521, ' Kasreman', 37000),
(3521110, 3521, ' Ngawi', 37000),
(3521120, 3521, ' Paron', 37000),
(3521130, 3521, ' Kedunggalar', 37000),
(3521140, 3521, ' Pitu', 37000),
(3521150, 3521, ' Widodaren', 37000),
(3521160, 3521, ' Mantingan', 37000),
(3521170, 3521, ' Karanganyar', 37000),
(3522010, 3522, ' Margomulyo', 37000),
(3522020, 3522, ' Ngraho', 37000),
(3522030, 3522, ' Tambakrejo', 37000),
(3522040, 3522, ' Ngambon', 37000),
(3522041, 3522, ' Sekar', 37000),
(3522050, 3522, ' Bubulan', 37000),
(3522051, 3522, ' Gondang', 37000),
(3522060, 3522, ' Temayang', 37000),
(3522070, 3522, ' Sugihwaras', 37000),
(3522080, 3522, ' Kedungadem', 37000),
(3522090, 3522, ' Kepoh Baru', 37000),
(3522100, 3522, ' Baureno', 37000),
(3522110, 3522, ' Kanor', 37000),
(3522120, 3522, ' Sumberejo', 37000),
(3522130, 3522, ' Balen', 37000),
(3522140, 3522, ' Sukosewu', 37000),
(3522150, 3522, ' Kapas', 37000),
(3522160, 3522, ' Bojonegoro', 37000),
(3522170, 3522, ' Trucuk', 37000),
(3522180, 3522, ' Dander', 37000),
(3522190, 3522, ' Ngasem', 37000),
(3522191, 3522, ' Gayam', 37000),
(3522200, 3522, ' Kalitidu', 37000),
(3522210, 3522, ' Malo', 37000),
(3522220, 3522, ' Purwosari', 37000),
(3522230, 3522, ' Padangan', 37000),
(3522240, 3522, ' Kasiman', 37000),
(3522241, 3522, ' Kedewan', 37000),
(3523010, 3523, ' Kenduruan', 37000),
(3523020, 3523, ' Bangilan', 37000),
(3523030, 3523, ' Senori', 37000),
(3523040, 3523, ' Singgahan', 37000),
(3523050, 3523, ' Montong', 37000),
(3523060, 3523, ' Parengan', 37000),
(3523070, 3523, ' Soko', 37000),
(3523080, 3523, ' Rengel', 37000),
(3523081, 3523, ' Grabagan', 37000),
(3523090, 3523, ' Plumpang', 37000),
(3523100, 3523, ' Widang', 37000),
(3523110, 3523, ' Palang', 37000),
(3523120, 3523, ' Semanding', 37000),
(3523130, 3523, ' Tuban', 37000),
(3523140, 3523, ' Jenu', 37000),
(3523150, 3523, ' Merakurak', 37000),
(3523160, 3523, ' Kerek', 37000),
(3523170, 3523, ' Tambakboyo', 37000),
(3523180, 3523, ' Jatirogo', 37000),
(3523190, 3523, ' Bancar', 37000),
(3524010, 3524, ' Sukorame', 37000),
(3524020, 3524, ' Bluluk', 37000),
(3524030, 3524, ' Ngimbang', 37000),
(3524040, 3524, ' Sambeng', 37000),
(3524050, 3524, ' Mantup', 37000),
(3524060, 3524, ' Kembangbahu', 37000),
(3524070, 3524, ' Sugio', 37000),
(3524080, 3524, ' Kedungpring', 37000),
(3524090, 3524, ' Modo', 37000),
(3524100, 3524, ' Babat', 37000),
(3524110, 3524, ' Pucuk', 37000),
(3524120, 3524, ' Sukodadi', 37000),
(3524130, 3524, ' Lamongan', 37000),
(3524140, 3524, ' Tikung', 37000),
(3524141, 3524, ' Sarirejo', 37000),
(3524150, 3524, ' Deket', 37000),
(3524160, 3524, ' Glagah', 37000),
(3524170, 3524, ' Karangbinangun', 37000),
(3524180, 3524, ' Turi', 37000),
(3524190, 3524, ' Kalitengah', 37000),
(3524200, 3524, ' Karang Geneng', 37000),
(3524210, 3524, ' Sekaran', 37000),
(3524220, 3524, ' Maduran', 37000),
(3524230, 3524, ' Laren', 37000),
(3524240, 3524, ' Solokuro', 37000),
(3524250, 3524, ' Paciran', 37000),
(3524260, 3524, ' Brondong', 37000),
(3525010, 3525, ' Wringinanom', 37000),
(3525020, 3525, ' Driyorejo', 37000),
(3525030, 3525, ' Kedamean', 37000),
(3525040, 3525, ' Menganti', 37000),
(3525050, 3525, ' Cerme', 37000),
(3525060, 3525, ' Benjeng', 37000),
(3525070, 3525, ' Balongpanggang', 37000),
(3525080, 3525, ' Duduksampeyan', 37000),
(3525090, 3525, ' Kebomas', 37000),
(3525100, 3525, ' Gresik', 37000),
(3525110, 3525, ' Manyar', 37000),
(3525120, 3525, ' Bungah', 37000),
(3525130, 3525, ' Sidayu', 37000),
(3525140, 3525, ' Dukun', 37000),
(3525150, 3525, ' Panceng', 37000),
(3525160, 3525, ' Ujungpangkah', 37000),
(3525170, 3525, ' Sangkapura', 37000),
(3525180, 3525, ' Tambak', 37000),
(3526010, 3526, ' Kamal', 34000),
(3526020, 3526, ' Labang', 34000),
(3526030, 3526, ' Kwanyar', 34000),
(3526040, 3526, ' Modung', 34000),
(3526050, 3526, ' Blega', 34000),
(3526060, 3526, ' Konang', 34000),
(3526070, 3526, ' Galis', 34000),
(3526080, 3526, ' Tanah Merah', 34000),
(3526090, 3526, ' Tragah', 34000),
(3526100, 3526, ' Socah', 34000),
(3526110, 3526, ' Bangkalan', 34000),
(3526120, 3526, ' Burneh', 34000),
(3526130, 3526, ' Arosbaya', 34000),
(3526140, 3526, ' Geger', 34000),
(3526150, 3526, ' Kokop', 34000),
(3526160, 3526, ' Tanjungbumi', 34000),
(3526170, 3526, ' Sepulu', 34000),
(3526180, 3526, ' Klampis', 34000),
(3527010, 3527, ' Sreseh', 34000),
(3527020, 3527, ' Torjun', 34000),
(3527021, 3527, ' Pangarengan', 34000),
(3527030, 3527, ' Sampang', 34000),
(3527040, 3527, ' Camplong', 34000),
(3527050, 3527, ' Omben', 34000),
(3527060, 3527, ' Kedungdung', 34000),
(3527070, 3527, ' Jrengik', 34000),
(3527080, 3527, ' Tambelangan', 34000),
(3527090, 3527, ' Banyuates', 34000),
(3527100, 3527, ' Robatal', 34000),
(3527101, 3527, ' Karang Penang', 34000),
(3527110, 3527, ' Ketapang', 34000),
(3527120, 3527, ' Sokobanah', 34000),
(3528010, 3528, ' Tlanakan', 34000),
(3528020, 3528, ' Pademawu', 34000),
(3528030, 3528, ' Galis', 34000),
(3528040, 3528, ' Larangan', 34000),
(3528050, 3528, ' Pamekasan', 34000),
(3528060, 3528, ' Proppo', 34000),
(3528070, 3528, ' Palengaan', 34000),
(3528080, 3528, ' Pegantenan', 34000),
(3528090, 3528, ' Kadur', 34000),
(3528100, 3528, ' Pakong', 34000),
(3528110, 3528, ' Waru', 34000),
(3528120, 3528, ' Batu Marmar', 34000),
(3528130, 3528, ' Pasean', 34000),
(3529010, 3529, ' Pragaan', 34000),
(3529020, 3529, ' Bluto', 34000),
(3529030, 3529, ' Saronggi', 34000),
(3529040, 3529, ' Giligenteng', 34000),
(3529050, 3529, ' Talango', 34000),
(3529060, 3529, ' Kalianget', 34000),
(3529070, 3529, ' Kota Sumenep', 34000),
(3529071, 3529, ' Batuan', 34000),
(3529080, 3529, ' Lenteng', 34000),
(3529090, 3529, ' Ganding', 34000),
(3529100, 3529, ' Guluk Guluk', 34000),
(3529110, 3529, ' Pasongsongan', 34000),
(3529120, 3529, ' Ambunten', 34000),
(3529130, 3529, ' Rubaru', 34000),
(3529140, 3529, ' Dasuk', 34000),
(3529150, 3529, ' Manding', 34000),
(3529160, 3529, ' Batuputih', 34000),
(3529170, 3529, ' Gapura', 34000),
(3529180, 3529, ' Batang Batang', 34000),
(3529190, 3529, ' Dungkek', 34000),
(3529200, 3529, ' Nonggunong', 34000),
(3529210, 3529, ' Gayam', 34000),
(3529220, 3529, ' Raas', 34000),
(3529230, 3529, ' Sapeken', 34000),
(3529240, 3529, ' Arjasa', 34000),
(3529241, 3529, ' Kangayan', 34000),
(3529250, 3529, ' Masalembu', 34000),
(3571010, 3571, ' Mojoroto', 33000),
(3571020, 3571, ' Kota Kediri', 33000),
(3571030, 3571, ' Pesantren', 33000),
(3572010, 3572, ' Sukorejo', 33000),
(3572020, 3572, ' Kepanjenkidul', 33000),
(3572030, 3572, ' Sananwetan', 33000),
(3573010, 3573, ' Kedungkandang', 33000),
(3573020, 3573, ' Sukun', 33000),
(3573030, 3573, ' Klojen', 33000),
(3573040, 3573, ' Blimbing', 33000),
(3573050, 3573, ' Lowokwaru', 33000),
(3574010, 3574, ' Kademangan', 33000),
(3574011, 3574, ' Kedopok', 33000),
(3574020, 3574, ' Wonoasih', 33000),
(3574030, 3574, ' Mayangan', 33000),
(3574031, 3574, ' Kanigaran', 33000),
(3575010, 3575, ' Gadingrejo', 33000),
(3575020, 3575, ' Purworejo', 33000),
(3575030, 3575, ' Bugulkidul', 33000),
(3575031, 3575, ' Panggungrejo', 33000),
(3576010, 3576, ' Prajurit Kulon', 33000),
(3576020, 3576, ' Magersari', 33000),
(3577010, 3577, ' Mangu Harjo', 33000),
(3577020, 3577, ' Taman', 33000),
(3577030, 3577, ' Kartoharjo', 33000),
(3578010, 3578, ' Karang Pilang', 30000),
(3578020, 3578, ' Jambangan', 30000),
(3578030, 3578, ' Gayungan', 30000),
(3578040, 3578, ' Wonocolo', 30000),
(3578050, 3578, ' Tenggilis Mejoyo', 30000),
(3578060, 3578, ' Gunung Anyar', 30000),
(3578070, 3578, ' Rungkut', 30000),
(3578080, 3578, ' Sukolilo', 30000),
(3578090, 3578, ' Mulyorejo', 30000),
(3578100, 3578, ' Gubeng', 30000),
(3578110, 3578, ' Wonokromo', 30000),
(3578120, 3578, ' Dukuh Pakis', 30000),
(3578130, 3578, ' Wiyung', 30000),
(3578140, 3578, ' Lakarsantri', 30000),
(3578141, 3578, ' Sambikerep', 30000),
(3578150, 3578, ' Tandes', 30000),
(3578160, 3578, ' Suko Manunggal', 30000),
(3578170, 3578, ' Sawahan', 30000),
(3578180, 3578, ' Tegalsari', 30000),
(3578190, 3578, ' Genteng', 30000),
(3578200, 3578, ' Tambaksari', 30000),
(3578210, 3578, ' Kenjeran', 30000),
(3578211, 3578, ' Bulak', 30000),
(3578220, 3578, ' Simokerto', 30000),
(3578230, 3578, ' Semampir', 30000),
(3578240, 3578, ' Pabean Cantian', 30000),
(3578250, 3578, ' Bubutan', 30000),
(3578260, 3578, ' Krembangan', 30000),
(3578270, 3578, ' Asemrowo', 30000),
(3578280, 3578, ' Benowo', 30000),
(3578281, 3578, ' Pakal', 30000),
(3579010, 3579, ' Batu', 37000),
(3579020, 3579, ' Junrejo', 37000),
(3579030, 3579, ' Bumiaji', 37000),
(3601010, 3601, ' Sumur', 28000),
(3601020, 3601, ' Cimanggu', 28000),
(3601030, 3601, ' Cibaliung', 28000),
(3601031, 3601, ' Cibitung', 28000),
(3601040, 3601, ' Cikeusik', 28000),
(3601050, 3601, ' Cigeulis', 28000),
(3601060, 3601, ' Panimbang', 28000),
(3601061, 3601, ' Sobang', 28000),
(3601070, 3601, ' Munjul', 28000),
(3601071, 3601, ' Angsana', 28000),
(3601072, 3601, ' Sindangresmi', 28000),
(3601080, 3601, ' Picung', 28000),
(3601090, 3601, ' Bojong', 28000),
(3601100, 3601, ' Saketi', 28000),
(3601101, 3601, ' Cisata', 28000),
(3601110, 3601, ' Pagelaran', 28000),
(3601111, 3601, ' Patia', 28000),
(3601112, 3601, ' Sukaresmi', 28000),
(3601120, 3601, ' Labuan', 28000),
(3601121, 3601, ' Carita', 28000),
(3601130, 3601, ' Jiput', 28000),
(3601131, 3601, ' Cikedal', 28000),
(3601140, 3601, ' Menes', 28000),
(3601141, 3601, ' Pulosari', 28000),
(3601150, 3601, ' Mandalawangi', 28000),
(3601160, 3601, ' Cimanuk', 28000),
(3601161, 3601, ' Cipeucang', 28000),
(3601170, 3601, ' Banjar', 28000),
(3601171, 3601, ' Kaduhejo', 28000),
(3601172, 3601, ' Mekarjaya', 28000),
(3601180, 3601, ' Pandeglang', 28000),
(3601181, 3601, ' Majasari', 28000),
(3601190, 3601, ' Cadasari', 28000),
(3601191, 3601, ' Karangtanjung', 28000),
(3601192, 3601, ' Koroncong', 28000),
(3602010, 3602, ' Malingping', 28000),
(3602011, 3602, ' Wanasalam', 28000),
(3602020, 3602, ' Panggarangan', 28000),
(3602021, 3602, ' Cihara', 28000),
(3602030, 3602, ' Bayah', 28000),
(3602031, 3602, ' Cilograng', 28000),
(3602040, 3602, ' Cibeber', 28000),
(3602050, 3602, ' Cijaku', 28000),
(3602051, 3602, ' Cigemblong', 28000),
(3602060, 3602, ' Banjarsari', 28000),
(3602070, 3602, ' Cileles', 28000),
(3602080, 3602, ' Gunung Kencana', 28000),
(3602090, 3602, ' Bojongmanik', 28000),
(3602091, 3602, ' Cirinten', 28000),
(3602100, 3602, ' Leuwidamar', 28000),
(3602110, 3602, ' Muncang', 28000),
(3602111, 3602, ' Sobang', 28000),
(3602120, 3602, ' Cipanas', 28000),
(3602121, 3602, ' Lebakgedong', 28000),
(3602130, 3602, ' Sajira', 28000),
(3602140, 3602, ' Cimarga', 28000),
(3602150, 3602, ' Cikulur', 28000),
(3602160, 3602, ' Warunggunung', 28000),
(3602170, 3602, ' Cibadak', 28000),
(3602180, 3602, ' Rangkasbitung', 28000),
(3602181, 3602, ' Kalanganyar', 28000),
(3602190, 3602, ' Maja', 28000),
(3602191, 3602, ' Curugbitung', 28000),
(3603010, 3603, ' Cisoka', 28000),
(3603011, 3603, ' Solear', 28000),
(3603020, 3603, ' Tigaraksa', 28000),
(3603021, 3603, ' Jambe', 28000),
(3603030, 3603, ' Cikupa', 28000),
(3603040, 3603, ' Panongan', 28000),
(3603050, 3603, ' Curug', 28000),
(3603051, 3603, ' Kelapa Dua', 28000),
(3603060, 3603, ' Legok', 28000),
(3603070, 3603, ' Pagedangan', 28000),
(3603081, 3603, ' Cisauk', 28000),
(3603120, 3603, ' Pasarkemis', 28000),
(3603121, 3603, ' Sindang Jaya', 28000),
(3603130, 3603, ' Balaraja', 28000),
(3603131, 3603, ' Jayanti', 28000),
(3603132, 3603, ' Sukamulya', 28000),
(3603140, 3603, ' Kresek', 28000),
(3603141, 3603, ' Gunung Kaler', 28000),
(3603150, 3603, ' Kronjo', 28000),
(3603151, 3603, ' Mekar Baru', 28000),
(3603160, 3603, ' Mauk', 28000),
(3603161, 3603, ' Kemiri', 28000),
(3603162, 3603, ' Sukadiri', 28000),
(3603170, 3603, ' Rajeg', 28000),
(3603180, 3603, ' Sepatan', 28000),
(3603181, 3603, ' Sepatan Timur', 28000),
(3603190, 3603, ' Pakuhaji', 28000),
(3603200, 3603, ' Teluknaga', 28000),
(3603210, 3603, ' Kosambi', 28000),
(3604010, 3604, ' Cinangka', 28000),
(3604020, 3604, ' Padarincang', 28000),
(3604030, 3604, ' Ciomas', 28000),
(3604040, 3604, ' Pabuaran', 28000),
(3604041, 3604, ' Gunung Sari', 28000),
(3604050, 3604, ' Baros', 28000),
(3604060, 3604, ' Petir', 28000),
(3604061, 3604, ' Tunjung Teja', 28000),
(3604080, 3604, ' Cikeusal', 28000),
(3604090, 3604, ' Pamarayan', 28000),
(3604091, 3604, ' Bandung', 28000),
(3604100, 3604, ' Jawilan', 28000),
(3604110, 3604, ' Kopo', 28000),
(3604120, 3604, ' Cikande', 28000),
(3604121, 3604, ' Kibin', 28000),
(3604130, 3604, ' Kragilan', 28000),
(3604180, 3604, ' Waringinkurung', 28000),
(3604190, 3604, ' Mancak', 28000),
(3604200, 3604, ' Anyar', 28000),
(3604210, 3604, ' Bojonegara', 28000),
(3604211, 3604, ' Pulo Ampel', 28000),
(3604220, 3604, ' Kramatwatu', 28000),
(3604240, 3604, ' Ciruas', 28000),
(3604250, 3604, ' Pontang', 28000),
(3604251, 3604, ' Lebak Wangi', 28000),
(3604260, 3604, ' Carenang', 28000),
(3604261, 3604, ' Binuang', 28000),
(3604270, 3604, ' Tirtayasa', 28000),
(3604271, 3604, ' Tanara', 28000),
(3671010, 3671, ' Ciledug', 24000),
(3671011, 3671, ' Larangan', 24000),
(3671012, 3671, ' Karang Tengah', 24000),
(3671020, 3671, ' Cipondoh', 24000),
(3671021, 3671, ' Pinang', 24000),
(3671030, 3671, ' Tangerang', 24000),
(3671031, 3671, ' Karawaci', 24000),
(3671040, 3671, ' Jati Uwung', 24000),
(3671041, 3671, ' Cibodas', 24000),
(3671042, 3671, ' Periuk', 24000),
(3671050, 3671, ' Batuceper', 24000),
(3671051, 3671, ' Neglasari', 24000),
(3671060, 3671, ' Benda', 24000),
(3672010, 3672, ' Ciwandan', 24000),
(3672011, 3672, ' Citangkil', 24000),
(3672020, 3672, ' Pulomerak', 24000),
(3672021, 3672, ' Purwakarta', 24000),
(3672022, 3672, ' Grogol', 24000),
(3672030, 3672, ' Cilegon', 24000),
(3672031, 3672, ' Jombang', 24000),
(3672040, 3672, ' Cibeber', 24000),
(3673010, 3673, ' Curug', 24000),
(3673020, 3673, ' Walantaka', 24000),
(3673030, 3673, ' Cipocok Jaya', 24000),
(3673040, 3673, ' Serang', 24000),
(3673050, 3673, ' Taktakan', 24000),
(3673060, 3673, ' Kasemen', 24000),
(3674010, 3674, ' Setu', 24000),
(3674020, 3674, ' Serpong', 24000),
(3674030, 3674, ' Pamulang', 24000),
(3674040, 3674, ' Ciputat', 24000),
(3674050, 3674, ' Ciputat Timur', 24000),
(3674060, 3674, ' Pondok Aren', 24000),
(3674070, 3674, ' Serpong Utara', 24000),
(5101010, 5101, ' Melaya', 41000),
(5101020, 5101, ' Negara', 41000),
(5101021, 5101, ' Jembrana', 41000),
(5101030, 5101, ' Mendoyo', 41000),
(5101040, 5101, ' Pekutatan', 41000),
(5102010, 5102, ' Selemadeg', 41000),
(5102011, 5102, ' Selemadeg Timur', 41000),
(5102012, 5102, ' Selemadeg Barat', 41000),
(5102020, 5102, ' Kerambitan', 41000),
(5102030, 5102, ' Tabanan', 41000),
(5102040, 5102, ' Kediri', 41000),
(5102050, 5102, ' Marga', 41000),
(5102060, 5102, ' Baturiti', 41000),
(5102070, 5102, ' Penebel', 41000),
(5102080, 5102, ' Pupuan', 41000),
(5103010, 5103, ' Kuta Selatan', 41000),
(5103020, 5103, ' Kuta', 41000),
(5103030, 5103, ' Kuta Utara', 41000),
(5103040, 5103, ' Mengwi', 41000),
(5103050, 5103, ' Abiansemal', 41000),
(5103060, 5103, ' Petang', 41000),
(5104010, 5104, ' Sukawati', 41000),
(5104020, 5104, ' Blahbatuh', 41000),
(5104030, 5104, ' Gianyar', 41000),
(5104040, 5104, ' Tampaksiring', 41000),
(5104050, 5104, ' Ubud', 41000),
(5104060, 5104, ' Tegallalang', 41000),
(5104070, 5104, ' Payangan', 41000),
(5105010, 5105, ' Nusapenida', 41000),
(5105020, 5105, ' Banjarangkan', 41000),
(5105030, 5105, ' Klungkung', 41000),
(5105040, 5105, ' Dawan', 41000),
(5106010, 5106, ' Susut', 41000),
(5106020, 5106, ' Bangli', 41000),
(5106030, 5106, ' Tembuku', 41000),
(5106040, 5106, ' Kintamani', 41000),
(5107010, 5107, ' Rendang', 41000),
(5107020, 5107, ' Sidemen', 41000),
(5107030, 5107, ' Manggis', 41000),
(5107040, 5107, ' Karangasem', 41000),
(5107050, 5107, ' Abang', 41000),
(5107060, 5107, ' Bebandem', 41000),
(5107070, 5107, ' Selat', 41000),
(5107080, 5107, ' Kubu', 41000),
(5108010, 5108, ' Gerokgak', 41000),
(5108020, 5108, ' Seririt', 41000),
(5108030, 5108, ' Busungbiu', 41000),
(5108040, 5108, ' Banjar', 41000),
(5108050, 5108, ' Sukasada', 41000),
(5108060, 5108, ' Buleleng', 41000),
(5108070, 5108, ' Sawan', 41000),
(5108080, 5108, ' Kubutambahan', 41000),
(5108090, 5108, ' Tejakula', 41000),
(5171010, 5171, ' Denpasar Selatan', 35000),
(5171020, 5171, ' Denpasar Timur', 35000),
(5171030, 5171, ' Denpasar Barat', 35000),
(5171031, 5171, ' Denpasar Utara', 35000),
(5201010, 5201, ' Sekotong', 51000),
(5201011, 5201, ' Lembar', 51000),
(5201020, 5201, ' Gerung', 51000),
(5201030, 5201, ' Labu Api', 51000),
(5201040, 5201, ' Kediri', 51000),
(5201041, 5201, ' Kuripan', 51000),
(5201050, 5201, ' Narmada', 51000),
(5201051, 5201, ' Lingsar', 51000),
(5201060, 5201, ' Gunung Sari', 51000),
(5201061, 5201, ' Batu Layar', 51000),
(5202010, 5202, ' Praya Barat', 51000),
(5202011, 5202, ' Praya Barat Daya', 51000),
(5202020, 5202, ' Pujut', 51000),
(5202030, 5202, ' Praya Timur', 51000),
(5202040, 5202, ' Janapria', 51000),
(5202050, 5202, ' Kopang', 51000),
(5202060, 5202, ' Praya', 51000),
(5202061, 5202, ' Praya Tengah', 51000),
(5202070, 5202, ' Jonggat', 51000),
(5202080, 5202, ' Pringgarata', 51000),
(5202090, 5202, ' Batukliang', 51000),
(5202091, 5202, ' Batukliang Utara', 51000),
(5203010, 5203, ' Keruak', 51000);
INSERT INTO `wilayah_kecamatan` (`id`, `kabupaten_id`, `nama`, `ongkir`) VALUES
(5203011, 5203, ' Jerowaru', 51000),
(5203020, 5203, ' Sakra', 51000),
(5203021, 5203, ' Sakra Barat', 51000),
(5203022, 5203, ' Sakra Timur', 51000),
(5203030, 5203, ' Terara', 51000),
(5203031, 5203, ' Montong Gading', 51000),
(5203040, 5203, ' Sikur', 51000),
(5203050, 5203, ' Masbagik', 51000),
(5203051, 5203, ' Pringgasela', 51000),
(5203060, 5203, ' Sukamulia', 51000),
(5203061, 5203, ' Suralaga', 51000),
(5203070, 5203, ' Selong', 51000),
(5203071, 5203, ' Labuhan Haji', 51000),
(5203080, 5203, ' Pringgabaya', 51000),
(5203081, 5203, ' Suela', 51000),
(5203090, 5203, ' Aikmel', 51000),
(5203091, 5203, ' Wanasaba', 51000),
(5203092, 5203, ' Sembalun', 51000),
(5203100, 5203, ' Sambelia', 51000),
(5204020, 5204, ' Lunyuk', 51000),
(5204021, 5204, ' Orong Telu', 51000),
(5204050, 5204, ' Alas', 51000),
(5204051, 5204, ' Alas Barat', 51000),
(5204052, 5204, ' Buer', 51000),
(5204061, 5204, ' Utan', 51000),
(5204062, 5204, ' Rhee', 51000),
(5204070, 5204, ' Batulanteh', 51000),
(5204080, 5204, ' Sumbawa', 51000),
(5204081, 5204, ' Labuhan Badas', 51000),
(5204082, 5204, ' Unter Iwes', 51000),
(5204090, 5204, ' Moyohilir', 51000),
(5204091, 5204, ' Moyo Utara', 51000),
(5204100, 5204, ' Moyohulu', 51000),
(5204110, 5204, ' Ropang', 51000),
(5204111, 5204, ' Lenangguar', 51000),
(5204112, 5204, ' Lantung', 51000),
(5204121, 5204, ' Lape', 51000),
(5204122, 5204, ' Lopok', 51000),
(5204130, 5204, ' Plampang', 51000),
(5204131, 5204, ' Labangka', 51000),
(5204132, 5204, ' Maronge', 51000),
(5204140, 5204, ' Empang', 51000),
(5204141, 5204, ' Tarano', 51000),
(5205010, 5205, ' Hu\'u', 51000),
(5205011, 5205, ' Pajo', 51000),
(5205020, 5205, ' Dompu', 51000),
(5205030, 5205, ' Woja', 51000),
(5205040, 5205, ' Kilo', 51000),
(5205050, 5205, ' Kempo', 51000),
(5205051, 5205, ' Manggalewa', 51000),
(5205060, 5205, ' Pekat', 51000),
(5206010, 5206, ' Monta', 51000),
(5206011, 5206, ' Parado', 51000),
(5206020, 5206, ' Bolo', 51000),
(5206021, 5206, ' Mada Pangga', 51000),
(5206030, 5206, ' Woha', 51000),
(5206040, 5206, ' Belo', 51000),
(5206041, 5206, ' Palibelo', 51000),
(5206050, 5206, ' Wawo', 51000),
(5206051, 5206, ' Langgudu', 51000),
(5206052, 5206, ' Lambitu', 51000),
(5206060, 5206, ' Sape', 51000),
(5206061, 5206, ' Lambu', 51000),
(5206070, 5206, ' Wera', 51000),
(5206071, 5206, ' Ambalawi', 51000),
(5206080, 5206, ' Donggo', 51000),
(5206081, 5206, ' Soromandi', 51000),
(5206090, 5206, ' Sanggar', 51000),
(5206091, 5206, ' Tambora', 51000),
(5207010, 5207, ' Sekongkang', 51000),
(5207020, 5207, ' Jereweh', 51000),
(5207021, 5207, ' Maluk', 51000),
(5207030, 5207, ' Taliwang', 51000),
(5207031, 5207, ' Brang Ene', 51000),
(5207040, 5207, ' Brang Rea', 51000),
(5207050, 5207, ' Seteluk', 51000),
(5207051, 5207, ' Poto Tano', 51000),
(5208010, 5208, ' Pemenang', 51000),
(5208020, 5208, ' Tanjung', 51000),
(5208030, 5208, ' Gangga', 51000),
(5208040, 5208, ' Kayangan', 51000),
(5208050, 5208, ' Bayan', 51000),
(5271010, 5271, ' Ampenan', 45000),
(5271011, 5271, ' Sekarbela', 45000),
(5271020, 5271, ' Mataram', 45000),
(5271021, 5271, ' Selaparang', 45000),
(5271030, 5271, ' Cakranegara', 45000),
(5271031, 5271, ' Sandubaya', 45000),
(5272010, 5272, ' Rasanae Barat', 45000),
(5272011, 5272, ' Mpunda', 45000),
(5272020, 5272, ' Rasanae Timur', 45000),
(5272021, 5272, ' Raba', 45000),
(5272030, 5272, ' Asakota', 45000),
(5301021, 5301, ' Lamboya', 75000),
(5301022, 5301, ' Wanokaka', 75000),
(5301023, 5301, ' Laboya Barat', 75000),
(5301050, 5301, ' Loli', 75000),
(5301060, 5301, ' Kota Waikabubak', 75000),
(5301072, 5301, ' Tana Righu', 75000),
(5302010, 5302, ' Lewa', 75000),
(5302011, 5302, ' Nggaha Oriangu', 75000),
(5302012, 5302, ' Lewa Tidahu', 75000),
(5302013, 5302, ' Katala Hamu Lingu', 75000),
(5302020, 5302, ' Tabundung', 75000),
(5302021, 5302, ' Pinupahar', 75000),
(5302030, 5302, ' Paberiwai', 75000),
(5302031, 5302, ' Karera', 75000),
(5302032, 5302, ' Matawai La Pawu', 75000),
(5302033, 5302, ' Kahaungu Eti', 75000),
(5302034, 5302, ' Mahu', 75000),
(5302035, 5302, ' Ngadu Ngala', 75000),
(5302040, 5302, ' Pahunga Lodu', 75000),
(5302041, 5302, ' Wula Waijelu', 75000),
(5302051, 5302, ' Rindi', 75000),
(5302052, 5302, ' Umalulu', 75000),
(5302060, 5302, ' Pandawai', 75000),
(5302061, 5302, ' Kambata Mapambuhan', 75000),
(5302070, 5302, ' Kota Waingapu', 75000),
(5302071, 5302, ' Kambera', 75000),
(5302080, 5302, ' Haharu', 75000),
(5302081, 5302, ' Kanatang', 75000),
(5303100, 5303, ' Semau', 75000),
(5303101, 5303, ' Semau Selatan', 75000),
(5303110, 5303, ' Kupang Barat', 75000),
(5303111, 5303, ' Nekamese', 75000),
(5303120, 5303, ' Kupang Tengah', 75000),
(5303121, 5303, ' Taebenu', 75000),
(5303130, 5303, ' Amarasi', 75000),
(5303131, 5303, ' Amarasi Barat', 75000),
(5303132, 5303, ' Amarasi Selatan', 75000),
(5303133, 5303, ' Amarasi Timur', 75000),
(5303140, 5303, ' Kupang Timur', 75000),
(5303141, 5303, ' Amabi Oefeto Timur', 75000),
(5303142, 5303, ' Amabi Oefeto', 75000),
(5303150, 5303, ' Sulamu', 75000),
(5303160, 5303, ' Fatuleu', 75000),
(5303161, 5303, ' Fatuleu Tengah', 75000),
(5303162, 5303, ' Fatuleu Barat', 75000),
(5303170, 5303, ' Takari', 75000),
(5303180, 5303, ' Amfoang Selatan', 75000),
(5303181, 5303, ' Amfoang Barat Daya', 75000),
(5303182, 5303, ' Amfoang Tengah', 75000),
(5303190, 5303, ' Amfoang Utara', 75000),
(5303191, 5303, ' Amfoang Barat Laut', 75000),
(5303192, 5303, ' Amfoang Timur', 75000),
(5304010, 5304, ' Mollo Utara', 75000),
(5304011, 5304, ' Fatumnasi', 75000),
(5304012, 5304, ' Tobu', 75000),
(5304013, 5304, ' Nunbena', 75000),
(5304020, 5304, ' Mollo Selatan', 75000),
(5304021, 5304, ' Polen', 75000),
(5304022, 5304, ' Mollo Barat', 75000),
(5304023, 5304, ' Mollo Tengah', 75000),
(5304030, 5304, ' Kota Soe', 75000),
(5304040, 5304, ' Amanuban Barat', 75000),
(5304041, 5304, ' Batu Putih', 75000),
(5304042, 5304, ' Kuatnana', 75000),
(5304050, 5304, ' Amanuban Selatan', 75000),
(5304051, 5304, ' Noebeba', 75000),
(5304060, 5304, ' Kuan Fatu', 75000),
(5304061, 5304, ' Kualin', 75000),
(5304070, 5304, ' Amanuban Tengah', 75000),
(5304071, 5304, ' Kolbano', 75000),
(5304072, 5304, ' Oenino', 75000),
(5304080, 5304, ' Amanuban Timur', 75000),
(5304081, 5304, ' Fautmolo', 75000),
(5304082, 5304, ' Fatukopa', 75000),
(5304090, 5304, ' Kie', 75000),
(5304091, 5304, ' Kot\'olin', 75000),
(5304100, 5304, ' Amanatun Selatan', 75000),
(5304101, 5304, ' Boking', 75000),
(5304102, 5304, ' Nunkolo', 75000),
(5304103, 5304, ' Noebana', 75000),
(5304104, 5304, ' Santian', 75000),
(5304110, 5304, ' Amanatun Utara', 75000),
(5304111, 5304, ' Toianas', 75000),
(5304112, 5304, ' Kokbaun', 75000),
(5305010, 5305, ' Miomaffo Barat', 75000),
(5305011, 5305, ' Miomaffo Tengah', 75000),
(5305012, 5305, ' Musi', 75000),
(5305013, 5305, ' Mutis', 75000),
(5305020, 5305, ' Miomaffo Timur', 75000),
(5305021, 5305, ' Noemuti', 75000),
(5305022, 5305, ' Bikomi Selatan', 75000),
(5305023, 5305, ' Bikomi Tengah', 75000),
(5305024, 5305, ' Bikomi Nilulat', 75000),
(5305025, 5305, ' Bikomi Utara', 75000),
(5305026, 5305, ' Naibenu', 75000),
(5305027, 5305, ' Noemuti Timur', 75000),
(5305030, 5305, ' Kota Kefamenanu', 75000),
(5305040, 5305, ' Insana', 75000),
(5305041, 5305, ' Insana Utara', 75000),
(5305042, 5305, ' Insana Barat', 75000),
(5305043, 5305, ' Insana Tengah', 75000),
(5305044, 5305, ' Insana Fafinesu', 75000),
(5305050, 5305, ' Biboki Selatan', 75000),
(5305051, 5305, ' Biboki Tanpah', 75000),
(5305052, 5305, ' Biboki Moenleu', 75000),
(5305060, 5305, ' Biboki Utara', 75000),
(5305061, 5305, ' Biboki Anleu', 75000),
(5305062, 5305, ' Biboki Feotleu', 75000),
(5306010, 5306, ' Malaka Barat', 75000),
(5306011, 5306, ' Rinhat', 75000),
(5306012, 5306, ' Wewiku', 75000),
(5306013, 5306, ' Weliman', 75000),
(5306020, 5306, ' Malaka Tengah', 75000),
(5306021, 5306, ' Sasita Mean', 75000),
(5306022, 5306, ' Botin Leobele', 75000),
(5306023, 5306, ' Io Kufeu', 75000),
(5306030, 5306, ' Malaka Timur', 75000),
(5306031, 5306, ' Laen Manen', 75000),
(5306032, 5306, ' Rai Manuk', 75000),
(5306040, 5306, ' Kobalima', 75000),
(5306041, 5306, ' Kobalima Timur', 75000),
(5306050, 5306, ' Tasifeto Barat', 75000),
(5306051, 5306, ' Kakuluk Mesak', 75000),
(5306052, 5306, ' Nanaet Dubesi', 75000),
(5306060, 5306, ' Atambua', 75000),
(5306061, 5306, ' Atambua Barat', 75000),
(5306062, 5306, ' Atambua Selatan', 75000),
(5306070, 5306, ' Tasifeto Timur', 75000),
(5306071, 5306, ' Raihat', 75000),
(5306072, 5306, ' Lasiolat', 75000),
(5306080, 5306, ' Lamaknen', 75000),
(5306081, 5306, ' Lamaknen Selatan', 75000),
(5307010, 5307, ' Pantar', 75000),
(5307011, 5307, ' Pantar Barat', 75000),
(5307012, 5307, ' Pantar Timur', 75000),
(5307013, 5307, ' Pantar Barat Laut', 75000),
(5307014, 5307, ' Pantar Tengah', 75000),
(5307020, 5307, ' Alor Barat Daya', 75000),
(5307021, 5307, ' Mataru', 75000),
(5307030, 5307, ' Alor Selatan', 75000),
(5307040, 5307, ' Alor Timur', 75000),
(5307041, 5307, ' Alor Timur Laut', 75000),
(5307042, 5307, ' Pureman', 75000),
(5307050, 5307, ' Teluk Mutiara', 75000),
(5307051, 5307, ' Kabola', 75000),
(5307060, 5307, ' Alor Barat Laut', 75000),
(5307061, 5307, ' Alor Tengah Utara', 75000),
(5307062, 5307, ' Pulau Pura', 75000),
(5307063, 5307, ' Lembur', 75000),
(5308010, 5308, ' Nagawutung', 75000),
(5308011, 5308, ' Wulandoni', 75000),
(5308020, 5308, ' Atadei', 75000),
(5308030, 5308, ' Ile Ape', 75000),
(5308031, 5308, ' Ile Ape Timur', 75000),
(5308040, 5308, ' Lebatukan', 75000),
(5308050, 5308, ' Nubatukan', 75000),
(5308060, 5308, ' Omesuri', 75000),
(5308070, 5308, ' Buyasari', 75000),
(5309010, 5309, ' Wulanggitang', 75000),
(5309011, 5309, ' Titehena', 75000),
(5309012, 5309, ' Ilebura', 75000),
(5309020, 5309, ' Tanjung Bunga', 75000),
(5309021, 5309, ' Lewo Lema', 75000),
(5309030, 5309, ' Larantuka', 75000),
(5309031, 5309, ' Ile Mandiri', 75000),
(5309032, 5309, ' Demon Pagong', 75000),
(5309040, 5309, ' Solor Barat', 75000),
(5309041, 5309, ' Solor Selatan', 75000),
(5309050, 5309, ' Solor Timur', 75000),
(5309060, 5309, ' Adonara Barat', 75000),
(5309061, 5309, ' Wotan Ulu Mado', 75000),
(5309062, 5309, ' Adonara Tengah', 75000),
(5309070, 5309, ' Adonara Timur', 75000),
(5309071, 5309, ' Ile Boleng', 75000),
(5309072, 5309, ' Witihama', 75000),
(5309073, 5309, ' Kelubagolit', 75000),
(5309074, 5309, ' Adonara', 75000),
(5310010, 5310, ' Paga', 75000),
(5310011, 5310, ' Mego', 75000),
(5310012, 5310, ' Tana Wawo', 75000),
(5310020, 5310, ' Lela', 75000),
(5310030, 5310, ' Bola', 75000),
(5310031, 5310, ' Doreng', 75000),
(5310032, 5310, ' Mapitara', 75000),
(5310040, 5310, ' Talibura', 75000),
(5310041, 5310, ' Waigete', 75000),
(5310042, 5310, ' Waiblama', 75000),
(5310050, 5310, ' Kewapante', 75000),
(5310051, 5310, ' Hewokloang', 75000),
(5310052, 5310, ' Kangae', 75000),
(5310061, 5310, ' Palue', 75000),
(5310062, 5310, ' Koting', 75000),
(5310063, 5310, ' Nelle', 75000),
(5310070, 5310, ' Nita', 75000),
(5310071, 5310, ' Magepanda', 75000),
(5310080, 5310, ' Alok', 75000),
(5310081, 5310, ' Alok Barat', 75000),
(5310082, 5310, ' Alok Timur', 75000),
(5311010, 5311, ' Nangapanda', 75000),
(5311011, 5311, ' Pulau Ende', 75000),
(5311012, 5311, ' Maukaro', 75000),
(5311020, 5311, ' Ende', 75000),
(5311030, 5311, ' Ende Selatan', 75000),
(5311031, 5311, ' Ende Timur', 75000),
(5311032, 5311, ' Ende Tengah', 75000),
(5311033, 5311, ' Ende Utara', 75000),
(5311040, 5311, ' Ndona', 75000),
(5311041, 5311, ' Ndona Timur', 75000),
(5311050, 5311, ' Wolowaru', 75000),
(5311051, 5311, ' Wolojita', 75000),
(5311052, 5311, ' Lio Timur', 75000),
(5311053, 5311, ' Kelimutu', 75000),
(5311054, 5311, ' Ndori', 75000),
(5311060, 5311, ' Maurole', 75000),
(5311061, 5311, ' Kotabaru', 75000),
(5311062, 5311, ' Detukeli', 75000),
(5311063, 5311, ' Lepembusu Kelisoke', 75000),
(5311070, 5311, ' Detusoko', 75000),
(5311071, 5311, ' Wewaria', 75000),
(5312010, 5312, ' Aimere', 75000),
(5312011, 5312, ' Jerebuu', 75000),
(5312012, 5312, ' Inerie', 75000),
(5312020, 5312, ' Bajawa', 75000),
(5312030, 5312, ' Golewa', 75000),
(5312031, 5312, ' Golewa Selatan', 75000),
(5312032, 5312, ' Golewa Barat', 75000),
(5312070, 5312, ' Bajawa Utara', 75000),
(5312071, 5312, ' Soa', 75000),
(5312080, 5312, ' Riung', 75000),
(5312081, 5312, ' Riung Barat', 75000),
(5312082, 5312, ' Wolomeze', 75000),
(5313040, 5313, ' Satar Mese', 75000),
(5313041, 5313, ' Satar Mese Barat', 75000),
(5313110, 5313, ' Langke Rembong', 75000),
(5313120, 5313, ' Ruteng', 75000),
(5313121, 5313, ' Wae Rii', 75000),
(5313122, 5313, ' Lelak', 75000),
(5313123, 5313, ' Rahong Utara', 75000),
(5313130, 5313, ' Cibal', 75000),
(5313131, 5313, ' Cibal Barat', 75000),
(5313140, 5313, ' Reok', 75000),
(5313141, 5313, ' Reok Barat', 75000),
(5314010, 5314, ' Rote Barat Daya', 75000),
(5314020, 5314, ' Rote Barat Laut', 75000),
(5314030, 5314, ' Lobalain', 75000),
(5314040, 5314, ' Rote Tengah', 75000),
(5314041, 5314, ' Rote Selatan', 75000),
(5314050, 5314, ' Pantai Baru', 75000),
(5314060, 5314, ' Rote Timur', 75000),
(5314061, 5314, ' Landu Leko', 75000),
(5314070, 5314, ' Rote Barat', 75000),
(5314071, 5314, ' Ndao Nuse', 75000),
(5315010, 5315, ' Komodo', 75000),
(5315011, 5315, ' Boleng', 75000),
(5315020, 5315, ' Sano Nggoang', 75000),
(5315021, 5315, ' Mbeliling', 75000),
(5315030, 5315, ' Lembor', 75000),
(5315031, 5315, ' Welak', 75000),
(5315032, 5315, ' Lembor Selatan', 75000),
(5315040, 5315, ' Kuwus', 75000),
(5315041, 5315, ' Ndoso', 75000),
(5315050, 5315, ' Macang Pacar', 75000),
(5316010, 5316, ' Katikutana', 75000),
(5316011, 5316, ' Katikutana Selatan', 75000),
(5316020, 5316, ' Umbu Ratu Nggay Ba', 75000),
(5316030, 5316, ' Umbu Ratu Nggay', 75000),
(5316040, 5316, ' Mamboro', 75000),
(5317010, 5317, ' Kodi Bangedo', 75000),
(5317011, 5317, ' Kodi Balaghar', 75000),
(5317020, 5317, ' Kodi', 75000),
(5317030, 5317, ' Kodi Utara', 75000),
(5317040, 5317, ' Wewewa Selatan', 75000),
(5317050, 5317, ' Wewewa Barat', 75000),
(5317060, 5317, ' Wewewa Timur', 75000),
(5317061, 5317, ' Wewewa Tengah', 75000),
(5317070, 5317, ' Wewewa Utara', 75000),
(5317080, 5317, ' Loura', 75000),
(5317081, 5317, ' Kota Tambolaka', 75000),
(5318010, 5318, ' Mauponggo', 75000),
(5318020, 5318, ' Keo Tengah', 75000),
(5318030, 5318, ' Nangaroro', 75000),
(5318040, 5318, ' Boawae', 75000),
(5318050, 5318, ' Aesesa Selatan', 75000),
(5318060, 5318, ' Aesesa', 75000),
(5318070, 5318, ' Wolowae', 75000),
(5319010, 5319, ' Borong', 75000),
(5319011, 5319, ' Rana Mese', 75000),
(5319020, 5319, ' Kota Komba', 75000),
(5319030, 5319, ' Elar', 75000),
(5319031, 5319, ' Elar Selatan', 75000),
(5319040, 5319, ' Sambi Rampas', 75000),
(5319050, 5319, ' Poco Ranaka', 75000),
(5319051, 5319, ' Poco Ranaka Timur', 75000),
(5319060, 5319, ' Lamba Leda', 75000),
(5320010, 5320, ' Raijua', 75000),
(5320020, 5320, ' Hawu Mehara', 75000),
(5320030, 5320, ' Sabu Liae', 75000),
(5320040, 5320, ' Sabu Barat', 75000),
(5320050, 5320, ' Sabu Tengah', 75000),
(5320060, 5320, ' Sabu Timur', 75000),
(5371010, 5371, ' Alak', 75000),
(5371020, 5371, ' Maulafa', 75000),
(5371030, 5371, ' Oebobo', 75000),
(5371031, 5371, ' Kota Raja', 75000),
(5371040, 5371, ' Kelapa Lima', 75000),
(5371041, 5371, ' Kota Lama', 75000),
(6101010, 6101, ' Selakau', 58000),
(6101011, 6101, ' Selakau Timur', 58000),
(6101020, 6101, ' Pemangkat', 58000),
(6101021, 6101, ' Semparuk', 58000),
(6101022, 6101, ' Salatiga', 58000),
(6101030, 6101, ' Tebas', 58000),
(6101031, 6101, ' Tekarang', 58000),
(6101040, 6101, ' Sambas', 58000),
(6101041, 6101, ' Subah', 58000),
(6101042, 6101, ' Sebawi', 58000),
(6101043, 6101, ' Sajad', 58000),
(6101050, 6101, ' Jawai', 58000),
(6101051, 6101, ' Jawai Selatan', 58000),
(6101060, 6101, ' Teluk Keramat', 58000),
(6101061, 6101, ' Galing', 58000),
(6101062, 6101, ' Tangaran', 58000),
(6101070, 6101, ' Sejangkung', 58000),
(6101080, 6101, ' Sajingan Besar', 58000),
(6101090, 6101, ' Paloh', 58000),
(6102010, 6102, ' Sungai Raya', 58000),
(6102011, 6102, ' Capkala', 58000),
(6102012, 6102, ' Sungai Raya Kepula', 58000),
(6102030, 6102, ' Samalantan', 58000),
(6102031, 6102, ' Monterado', 58000),
(6102032, 6102, ' Lembah Bawang', 58000),
(6102040, 6102, ' Bengkayang', 58000),
(6102041, 6102, ' Teriak', 58000),
(6102042, 6102, ' Sungai Betung', 58000),
(6102050, 6102, ' Ledo', 58000),
(6102051, 6102, ' Suti Semarang', 58000),
(6102052, 6102, ' Lumar', 58000),
(6102060, 6102, ' Sanggau Ledo', 58000),
(6102061, 6102, ' Tujuhbelas', 58000),
(6102070, 6102, ' Seluas', 58000),
(6102080, 6102, ' Jagoi Babang', 58000),
(6102081, 6102, ' Siding', 58000),
(6103020, 6103, ' Sebangki', 58000),
(6103030, 6103, ' Ngabang', 58000),
(6103031, 6103, ' Jelimpo', 58000),
(6103040, 6103, ' Sengah Temila', 58000),
(6103050, 6103, ' Mandor', 58000),
(6103060, 6103, ' Menjalin', 58000),
(6103070, 6103, ' Mempawah Hulu', 58000),
(6103071, 6103, ' Sompak', 58000),
(6103080, 6103, ' Menyuke', 58000),
(6103081, 6103, ' Banyuke Hulu', 58000),
(6103090, 6103, ' Meranti', 58000),
(6103100, 6103, ' Kuala Behe', 58000),
(6103110, 6103, ' Air Besar', 58000),
(6104080, 6104, ' Siantan', 58000),
(6104081, 6104, ' Segedong', 58000),
(6104090, 6104, ' Sungai Pinyuh', 58000),
(6104091, 6104, ' Anjongan', 58000),
(6104100, 6104, ' Mempawah Hilir', 58000),
(6104101, 6104, ' Mempawah Timur', 58000),
(6104110, 6104, ' Sungai Kunyit', 58000),
(6104120, 6104, ' Toho', 58000),
(6104121, 6104, ' Sadaniang', 58000),
(6105010, 6105, ' Toba', 58000),
(6105020, 6105, ' Meliau', 58000),
(6105060, 6105, ' Kapuas', 58000),
(6105070, 6105, ' Mukok', 58000),
(6105120, 6105, ' Jangkang', 58000),
(6105130, 6105, ' Bonti', 58000),
(6105140, 6105, ' Parindu', 58000),
(6105150, 6105, ' Tayan Hilir', 58000),
(6105160, 6105, ' Balai', 58000),
(6105170, 6105, ' Tayan Hulu', 58000),
(6105180, 6105, ' Kembayan', 58000),
(6105190, 6105, ' Beduwai', 58000),
(6105200, 6105, ' Noyan', 58000),
(6105210, 6105, ' Sekayam', 58000),
(6105220, 6105, ' Entikong', 58000),
(6106010, 6106, ' Kendawangan', 58000),
(6106020, 6106, ' Manis Mata', 58000),
(6106030, 6106, ' Marau', 58000),
(6106031, 6106, ' Singkup', 58000),
(6106032, 6106, ' Air Upas', 58000),
(6106040, 6106, ' Jelai Hulu', 58000),
(6106050, 6106, ' Tumbang Titi', 58000),
(6106051, 6106, ' Pemahan', 58000),
(6106052, 6106, ' Sungai Melayu Raya', 58000),
(6106060, 6106, ' Matan Hilir Selata', 58000),
(6106061, 6106, ' Benua Kayong', 58000),
(6106070, 6106, ' Matan Hilir Utara', 58000),
(6106071, 6106, ' Delta Pawan', 58000),
(6106072, 6106, ' Muara Pawan', 58000),
(6106090, 6106, ' Nanga Tayap', 58000),
(6106100, 6106, ' Sandai', 58000),
(6106101, 6106, ' Hulu Sungai', 58000),
(6106110, 6106, ' Sungai Laur', 58000),
(6106120, 6106, ' Simpang Hulu', 58000),
(6106121, 6106, ' Simpang Dua', 58000),
(6107060, 6107, ' Serawai', 58000),
(6107070, 6107, ' Ambalau', 58000),
(6107080, 6107, ' Kayan Hulu', 58000),
(6107110, 6107, ' Sepauk', 58000),
(6107120, 6107, ' Tempunak', 58000),
(6107130, 6107, ' Sungai Tebelian', 58000),
(6107140, 6107, ' Sintang', 58000),
(6107150, 6107, ' Dedai', 58000),
(6107160, 6107, ' Kayan Hilir', 58000),
(6107170, 6107, ' Kelam Permai', 58000),
(6107180, 6107, ' Binjai Hulu', 58000),
(6107190, 6107, ' Ketungau Hilir', 58000),
(6107200, 6107, ' Ketungau Tengah', 58000),
(6107210, 6107, ' Ketungau Hulu', 58000),
(6108010, 6108, ' Silat Hilir', 58000),
(6108020, 6108, ' Silat Hulu', 58000),
(6108030, 6108, ' Hulu Gurung', 58000),
(6108040, 6108, ' Bunut Hulu', 58000),
(6108050, 6108, ' Mentebah', 58000),
(6108060, 6108, ' Bika', 58000),
(6108070, 6108, ' Kalis', 58000),
(6108080, 6108, ' Putussibau Selatan', 58000),
(6108081, 6108, ' Hulu Kapuas', 58000),
(6108090, 6108, ' Embaloh Hilir', 58000),
(6108100, 6108, ' Bunut Hilir', 58000),
(6108110, 6108, ' Boyan Tanjung', 58000),
(6108120, 6108, ' Pengkadan', 58000),
(6108130, 6108, ' Jongkong', 58000),
(6108140, 6108, ' Selimbau', 58000),
(6108141, 6108, ' Danau Sentarum', 58000),
(6108150, 6108, ' Suhaid', 58000),
(6108160, 6108, ' Seberuang', 58000),
(6108170, 6108, ' Semitau', 58000),
(6108180, 6108, ' Empanang', 58000),
(6108190, 6108, ' Puring Kencana', 58000),
(6108200, 6108, ' Badau', 58000),
(6108210, 6108, ' Batang Lupar', 58000),
(6108220, 6108, ' Embaloh Hulu', 58000),
(6108230, 6108, ' Putussibau Utara', 58000),
(6109010, 6109, ' Nanga Mahap', 58000),
(6109020, 6109, ' Nanga Taman', 58000),
(6109030, 6109, ' Sekadau Hulu', 58000),
(6109040, 6109, ' Sekadau Hilir', 58000),
(6109050, 6109, ' Belitang Hilir', 58000),
(6109060, 6109, ' Belitang', 58000),
(6109070, 6109, ' Belitang Hulu', 58000),
(6110010, 6110, ' Sokan', 58000),
(6110020, 6110, ' Tanah Pinoh', 58000),
(6110021, 6110, ' Tanah Pinoh Barat', 58000),
(6110030, 6110, ' Sayan', 58000),
(6110040, 6110, ' Belimbing', 58000),
(6110041, 6110, ' Belimbing Hulu', 58000),
(6110050, 6110, ' Nanga Pinoh', 58000),
(6110051, 6110, ' Pinoh Selatan', 58000),
(6110052, 6110, ' Pinoh Utara', 58000),
(6110060, 6110, ' Ella Hilir', 58000),
(6110070, 6110, ' Menukung', 58000),
(6111010, 6111, ' Pulau Maya', 58000),
(6111011, 6111, ' Kepulauan Karimata', 58000),
(6111020, 6111, ' Sukadana', 58000),
(6111030, 6111, ' Simpang Hilir', 58000),
(6111040, 6111, ' Teluk Batang', 58000),
(6111050, 6111, ' Seponti', 58000),
(6112010, 6112, ' Batu Ampar', 58000),
(6112020, 6112, ' Terentang', 58000),
(6112030, 6112, ' Kubu', 58000),
(6112040, 6112, ' Telok Pa\'kedai', 58000),
(6112050, 6112, ' Sungai Kakap', 58000),
(6112060, 6112, ' Rasau Jaya', 58000),
(6112070, 6112, ' Sungai Raya', 58000),
(6112080, 6112, ' Sungai Ambawang', 58000),
(6112090, 6112, ' Kuala Mandor-b', 58000),
(6171010, 6171, ' Pontianak Selatan', 50000),
(6171011, 6171, ' Pontianak Tenggara', 50000),
(6171020, 6171, ' Pontianak Timur', 50000),
(6171030, 6171, ' Pontianak Barat', 50000),
(6171031, 6171, ' Pontianak Kota', 50000),
(6171040, 6171, ' Pontianak Utara', 50000),
(6172010, 6172, ' Singkawang Selatan', 50000),
(6172020, 6172, ' Singkawang Timur', 50000),
(6172030, 6172, ' Singkawang Utara', 50000),
(6172040, 6172, ' Singkawang Barat', 50000),
(6172050, 6172, ' Singkawang Tengah', 50000),
(6201040, 6201, ' Kotawaringin Lama', 58000),
(6201050, 6201, ' Arut Selatan', 58000),
(6201060, 6201, ' Kumai', 58000),
(6201061, 6201, ' Pangkalan Banteng', 58000),
(6201062, 6201, ' Pangkalan Lada', 58000),
(6201070, 6201, ' Arut Utara', 58000),
(6202020, 6202, ' Mentaya Hilir Sela', 58000),
(6202021, 6202, ' Teluk Sampit', 58000),
(6202050, 6202, ' Pulau Hanaut', 58000),
(6202060, 6202, ' Mentawa Baru/ketap', 58000),
(6202061, 6202, ' Seranau', 58000),
(6202070, 6202, ' Mentaya Hilir Utar', 58000),
(6202110, 6202, ' Kota Besi', 58000),
(6202111, 6202, ' Telawang', 58000),
(6202120, 6202, ' Baamang', 58000),
(6202190, 6202, ' Cempaga', 58000),
(6202191, 6202, ' Cempaga Hulu', 58000),
(6202200, 6202, ' Parenggean', 58000),
(6202201, 6202, ' Tualan Hulu', 58000),
(6202210, 6202, ' Mentaya Hulu', 58000),
(6202211, 6202, ' Bukit Santuai', 58000),
(6202230, 6202, ' Antang Kalang', 58000),
(6202231, 6202, ' Telaga Antang', 58000),
(6203020, 6203, ' Kapuas Kuala', 58000),
(6203021, 6203, ' Tamban Catur', 58000),
(6203030, 6203, ' Kapuas Timur', 58000),
(6203040, 6203, ' Selat', 58000),
(6203041, 6203, ' Bataguh', 58000),
(6203070, 6203, ' Basarang', 58000),
(6203080, 6203, ' Kapuas Hilir', 58000),
(6203090, 6203, ' Pulau Petak', 58000),
(6203100, 6203, ' Kapuas Murung', 58000),
(6203101, 6203, ' Dadahup', 58000),
(6203110, 6203, ' Kapuas Barat', 58000),
(6203150, 6203, ' Mantangai', 58000),
(6203160, 6203, ' Timpah', 58000),
(6203170, 6203, ' Kapuas Tengah', 58000),
(6203171, 6203, ' Pasak Talawang', 58000),
(6203180, 6203, ' Kapuas Hulu', 58000),
(6203181, 6203, ' Mandau Talawang', 58000),
(6204010, 6204, ' Jenamas', 58000),
(6204020, 6204, ' Dusun Hilir', 58000),
(6204030, 6204, ' Karau Kuala', 58000),
(6204040, 6204, ' Dusun Selatan', 58000),
(6204050, 6204, ' Dusun Utara', 58000),
(6204060, 6204, ' Gunung Bintang Awa', 58000),
(6205010, 6205, ' Montalat', 58000),
(6205020, 6205, ' Gunung Timang', 58000),
(6205030, 6205, ' Gunung Purei', 58000),
(6205040, 6205, ' Teweh Timur', 58000),
(6205050, 6205, ' Teweh Tengah', 58000),
(6205051, 6205, ' Teweh  Baru', 58000),
(6205052, 6205, ' Teweh Selatan', 58000),
(6205060, 6205, ' Lahei', 58000),
(6205061, 6205, ' Lahei Barat', 58000),
(6206010, 6206, ' Jelai', 58000),
(6206011, 6206, ' Pantai Lunci', 58000),
(6206020, 6206, ' Sukamara', 58000),
(6206030, 6206, ' Balai Riam', 58000),
(6206031, 6206, ' Permata Kecubung', 58000),
(6207010, 6207, ' Bulik', 58000),
(6207011, 6207, ' Sematu Jaya', 58000),
(6207012, 6207, ' Menthobi Raya', 58000),
(6207013, 6207, ' Bulik Timur', 58000),
(6207020, 6207, ' Lamandau', 58000),
(6207021, 6207, ' Belantikan Raya', 58000),
(6207030, 6207, ' Delang', 58000),
(6207031, 6207, ' Batangkawa', 58000),
(6208010, 6208, ' Seruyan Hilir', 58000),
(6208011, 6208, ' Seruyan Hilir Timu', 58000),
(6208020, 6208, ' Danau Sembuluh', 58000),
(6208021, 6208, ' Seruyan Raya', 58000),
(6208030, 6208, ' Hanau', 58000),
(6208031, 6208, ' Danau Seluluk', 58000),
(6208040, 6208, ' Seruyan Tengah', 58000),
(6208041, 6208, ' Batu Ampar', 58000),
(6208050, 6208, ' Seruyan Hulu', 58000),
(6208051, 6208, ' Suling Tambun', 58000),
(6209010, 6209, ' Katingan Kuala', 58000),
(6209020, 6209, ' Mendawai', 58000),
(6209030, 6209, ' Kamipang', 58000),
(6209040, 6209, ' Tasik Payawan', 58000),
(6209050, 6209, ' Katingan Hilir', 58000),
(6209060, 6209, ' Tewang Sangalang G', 58000),
(6209070, 6209, ' Pulau Malan', 58000),
(6209080, 6209, ' Katingan Tengah', 58000),
(6209090, 6209, ' Sanaman Mantikei', 58000),
(6209091, 6209, ' Petak Malai', 58000),
(6209100, 6209, ' Marikit', 58000),
(6209110, 6209, ' Katingan Hulu', 58000),
(6209111, 6209, ' Bukit Raya', 58000),
(6210010, 6210, ' Kahayan Kuala', 58000),
(6210011, 6210, ' Sebangau Kuala', 58000),
(6210020, 6210, ' Pandih Batu', 58000),
(6210030, 6210, ' Maliku', 58000),
(6210040, 6210, ' Kahayan Hilir', 58000),
(6210041, 6210, ' Jabiren Raya', 58000),
(6210050, 6210, ' Kahayan Tengah', 58000),
(6210060, 6210, ' Banama Tingang', 58000),
(6211010, 6211, ' Manuhing', 58000),
(6211011, 6211, ' Manuhing Raya', 58000),
(6211020, 6211, ' Rungan', 58000),
(6211021, 6211, ' Rungan Hulu', 58000),
(6211022, 6211, ' Rungan Barat', 58000),
(6211030, 6211, ' Sepang', 58000),
(6211031, 6211, ' Mihing Raya', 58000),
(6211040, 6211, ' Kurun', 58000),
(6211050, 6211, ' Tewah', 58000),
(6211060, 6211, ' Kahayan Hulu Utara', 58000),
(6211061, 6211, ' Damang Batu', 58000),
(6211062, 6211, ' Miri Manasa', 58000),
(6212010, 6212, ' Benua Lima', 58000),
(6212020, 6212, ' Dusun Timur', 58000),
(6212021, 6212, ' Paju Epat', 58000),
(6212030, 6212, ' Awang', 58000),
(6212040, 6212, ' Patangkep Tutui', 58000),
(6212050, 6212, ' Dusun Tengah', 58000),
(6212051, 6212, ' Raren Batuah', 58000),
(6212052, 6212, ' Paku', 58000),
(6212053, 6212, ' Karusen Janang', 58000),
(6212060, 6212, ' Pematang Karau', 58000),
(6213010, 6213, ' Permata Intan', 58000),
(6213011, 6213, ' Sungai Babuat', 58000),
(6213020, 6213, ' Murung', 58000),
(6213030, 6213, ' Laung Tuhup', 58000),
(6213031, 6213, ' Barito Tuhup Raya', 58000),
(6213040, 6213, ' Tanah Siang', 58000),
(6213041, 6213, ' Tanah Siang Selata', 58000),
(6213050, 6213, ' Sumber Barito', 58000),
(6213051, 6213, ' Seribu Riam', 58000),
(6213052, 6213, ' Uut Murung', 58000),
(6271010, 6271, ' Pahandut', 58000),
(6271011, 6271, ' Sebangau', 58000),
(6271012, 6271, ' Jekan Raya', 58000),
(6271020, 6271, ' Bukit Batu', 58000),
(6271021, 6271, ' Rakumpit', 58000),
(6301010, 6301, ' Panyipatan', 58000),
(6301020, 6301, ' Takisung', 58000),
(6301030, 6301, ' Kurau', 58000),
(6301031, 6301, ' Bumi Makmur', 58000),
(6301040, 6301, ' Bati - Bati', 58000),
(6301050, 6301, ' Tambang Ulang', 58000),
(6301060, 6301, ' Pelaihari', 58000),
(6301061, 6301, ' Bajuin', 58000),
(6301070, 6301, ' Batu Ampar', 58000),
(6301080, 6301, ' Jorong', 58000),
(6301090, 6301, ' Kintap', 58000),
(6302010, 6302, ' Pulau Sembilan', 58000),
(6302020, 6302, ' Pulau Laut Barat', 58000),
(6302021, 6302, ' Pulau Laut Tanjung', 58000),
(6302030, 6302, ' Pulau Laut Selatan', 58000),
(6302031, 6302, ' Pulau Laut Kepulau', 58000),
(6302040, 6302, ' Pulau Laut Timur', 58000),
(6302050, 6302, ' Pulau Sebuku', 58000),
(6302060, 6302, ' Pulau Laut Utara', 58000),
(6302061, 6302, ' Pulau Laut Tengah', 58000),
(6302120, 6302, ' Kelumpang Selatan', 58000),
(6302121, 6302, ' Kelumpang Hilir', 58000),
(6302130, 6302, ' Kelumpang Hulu', 58000),
(6302140, 6302, ' Hampang', 58000),
(6302150, 6302, ' Sungai Durian', 58000),
(6302160, 6302, ' Kelumpang Tengah', 58000),
(6302161, 6302, ' Kelumpang Barat', 58000),
(6302170, 6302, ' Kelumpang Utara', 58000),
(6302180, 6302, ' Pamukan Selatan', 58000),
(6302190, 6302, ' Sampanahan', 58000),
(6302200, 6302, ' Pamukan Utara', 58000),
(6302201, 6302, ' Pamukan Barat', 58000),
(6303010, 6303, ' Aluh - Aluh', 58000),
(6303011, 6303, ' Beruntung Baru', 58000),
(6303020, 6303, ' Gambut', 58000),
(6303030, 6303, ' Kertak Hanyar', 58000),
(6303031, 6303, ' Tatah Makmur', 58000),
(6303040, 6303, ' Sungai Tabuk', 58000),
(6303050, 6303, ' Martapura', 58000),
(6303051, 6303, ' Martapura Timur', 58000),
(6303052, 6303, ' Martapura Barat', 58000),
(6303060, 6303, ' Astambul', 58000),
(6303070, 6303, ' Karang Intan', 58000),
(6303080, 6303, ' Aranio', 58000),
(6303090, 6303, ' Sungai Pinang', 58000),
(6303091, 6303, ' Paramasan', 58000),
(6303100, 6303, ' Pengaron', 58000),
(6303101, 6303, ' Sambung Makmur', 58000),
(6303110, 6303, ' Mataraman', 58000),
(6303120, 6303, ' Simpang Empat', 58000),
(6303121, 6303, ' Telaga Bauntung', 58000),
(6304010, 6304, ' Tabunganen', 58000),
(6304020, 6304, ' Tamban', 58000),
(6304030, 6304, ' Mekar Sari', 58000),
(6304040, 6304, ' Anjir Pasar', 58000),
(6304050, 6304, ' Anjir Muara', 58000),
(6304060, 6304, ' Alalak', 58000),
(6304070, 6304, ' Mandastana', 58000),
(6304071, 6304, ' Jejangkit', 58000),
(6304080, 6304, ' Belawang', 58000),
(6304090, 6304, ' Wanaraya', 58000),
(6304100, 6304, ' Barambai', 58000),
(6304110, 6304, ' Rantau Badauh', 58000),
(6304120, 6304, ' Cerbon', 58000),
(6304130, 6304, ' Bakumpai', 58000),
(6304140, 6304, ' Marabahan', 58000),
(6304150, 6304, ' Tabukan', 58000),
(6304160, 6304, ' Kuripan', 58000),
(6305010, 6305, ' Binuang', 58000),
(6305011, 6305, ' Hatungun', 58000),
(6305020, 6305, ' Tapin Selatan', 58000),
(6305021, 6305, ' Salam Babaris', 58000),
(6305030, 6305, ' Tapin Tengah', 58000),
(6305040, 6305, ' Bungur', 58000),
(6305050, 6305, ' Piani', 58000),
(6305060, 6305, ' Lokpaikat', 58000),
(6305070, 6305, ' Tapin Utara', 58000),
(6305080, 6305, ' Bakarangan', 58000),
(6305090, 6305, ' Candi Laras Selata', 58000),
(6305100, 6305, ' Candi Laras Utara', 58000),
(6306010, 6306, ' Padang Batung', 58000),
(6306020, 6306, ' Loksado', 58000),
(6306030, 6306, ' Telaga Langsat', 58000),
(6306040, 6306, ' Angkinang', 58000),
(6306050, 6306, ' Kandangan', 58000),
(6306060, 6306, ' Sungai Raya', 58000),
(6306070, 6306, ' Simpur', 58000),
(6306080, 6306, ' Kalumpang', 58000),
(6306090, 6306, ' Daha Selatan', 58000),
(6306091, 6306, ' Daha Barat', 58000),
(6306100, 6306, ' Daha Utara', 58000),
(6307010, 6307, ' Haruyan', 58000),
(6307020, 6307, ' Batu Benawa', 58000),
(6307030, 6307, ' Hantakan', 58000),
(6307040, 6307, ' Batang Alai Selata', 58000),
(6307041, 6307, ' Batang Alai Timur', 58000),
(6307050, 6307, ' Barabai', 58000),
(6307060, 6307, ' Labuan Amas Selata', 58000),
(6307070, 6307, ' Labuan Amas Utara', 58000),
(6307080, 6307, ' Pandawan', 58000),
(6307090, 6307, ' Batang Alai Utara', 58000),
(6307091, 6307, ' Limpasu', 58000),
(6308010, 6308, ' Danau Panggang', 58000),
(6308011, 6308, ' Paminggir', 58000),
(6308020, 6308, ' Babirik', 58000),
(6308030, 6308, ' Sungai Pandan', 58000),
(6308031, 6308, ' Sungai Tabukan', 58000),
(6308040, 6308, ' Amuntai Selatan', 58000),
(6308050, 6308, ' Amuntai Tengah', 58000),
(6308060, 6308, ' Banjang', 58000),
(6308070, 6308, ' Amuntai Utara', 58000),
(6308071, 6308, ' Haur Gading', 58000),
(6309010, 6309, ' Banua Lawas', 58000),
(6309020, 6309, ' Pugaan', 58000),
(6309030, 6309, ' Kelua', 58000),
(6309040, 6309, ' Muara Harus', 58000),
(6309050, 6309, ' Tanta', 58000),
(6309060, 6309, ' Tanjung', 58000),
(6309070, 6309, ' Murung Pudak', 58000),
(6309080, 6309, ' Haruai', 58000),
(6309081, 6309, ' Bintang Ara', 58000),
(6309090, 6309, ' Upau', 58000),
(6309100, 6309, ' Muara Uya', 58000),
(6309110, 6309, ' Jaro', 58000),
(6310010, 6310, ' Kusan Hilir', 58000),
(6310020, 6310, ' Sungai Loban', 58000),
(6310030, 6310, ' Satui', 58000),
(6310031, 6310, ' Angsana', 58000),
(6310040, 6310, ' Kusan Hulu', 58000),
(6310041, 6310, ' Kuranji', 58000),
(6310050, 6310, ' Batu Licin', 58000),
(6310051, 6310, ' Karang Bintang', 58000),
(6310052, 6310, ' Simpang Empat', 58000),
(6310053, 6310, ' Mantewe', 58000),
(6311010, 6311, ' Lampihong', 58000),
(6311020, 6311, ' Batu Mandi', 58000),
(6311030, 6311, ' Awayan', 58000),
(6311031, 6311, ' Tebing Tinggi', 58000),
(6311040, 6311, ' Paringin', 58000),
(6311041, 6311, ' Paringin Selatan', 58000),
(6311050, 6311, ' Juai', 58000),
(6311060, 6311, ' Halong', 58000),
(6371010, 6371, ' Banjarmasin Selata', 58000),
(6371020, 6371, ' Banjarmasin Timur', 58000),
(6371030, 6371, ' Banjarmasin Barat', 58000),
(6371031, 6371, ' Banjarmasin Tengah', 58000),
(6371040, 6371, ' Banjarmasin Utara', 58000),
(6372010, 6372, ' Landasan Ulin', 58000),
(6372011, 6372, ' Liang Anggang', 58000),
(6372020, 6372, ' Cempaka', 58000),
(6372031, 6372, ' Banjar Baru Utara', 58000),
(6372032, 6372, ' Banjar Baru Selata', 58000),
(6401010, 6401, ' Batu Sopang', 66000),
(6401011, 6401, ' Muara Samu', 66000),
(6401021, 6401, ' Batu Engau', 66000),
(6401022, 6401, ' Tanjung Harapan', 66000),
(6401030, 6401, ' Pasir Belengkong', 66000),
(6401040, 6401, ' Tanah Grogot', 66000),
(6401050, 6401, ' Kuaro', 66000),
(6401060, 6401, ' Long Ikis', 66000),
(6401070, 6401, ' Muara Komam', 66000),
(6401080, 6401, ' Long Kali', 66000),
(6402010, 6402, ' Bongan', 66000),
(6402020, 6402, ' Jempang', 66000),
(6402030, 6402, ' Penyinggahan', 66000),
(6402040, 6402, ' Muara Pahu', 66000),
(6402041, 6402, ' Siluq Ngurai', 66000),
(6402050, 6402, ' Muara Lawa', 66000),
(6402051, 6402, ' Bentian Besar', 66000),
(6402060, 6402, ' Damai', 66000),
(6402061, 6402, ' Nyuatan', 66000),
(6402070, 6402, ' Barong Tongkok', 66000),
(6402071, 6402, ' Linggang Bigung', 66000),
(6402080, 6402, ' Melak', 66000),
(6402081, 6402, ' Sekolaq Darat', 66000),
(6402082, 6402, ' Manor Bulatn', 66000),
(6402090, 6402, ' Long Iram', 66000),
(6402091, 6402, ' Tering', 66000),
(6402100, 6402, ' Long Hubung', 66000),
(6402101, 6402, ' Laham', 66000),
(6402110, 6402, ' Long Bagun', 66000),
(6402120, 6402, ' Long Pahangai', 66000),
(6402130, 6402, ' Long Apari', 66000),
(6403010, 6403, ' Semboja', 66000),
(6403020, 6403, ' Muara Jawa', 66000),
(6403030, 6403, ' Sanga-sanga', 66000),
(6403040, 6403, ' Loa Janan', 66000),
(6403050, 6403, ' Loa Kulu', 66000),
(6403060, 6403, ' Muara Muntai', 66000),
(6403070, 6403, ' Muara Wis', 66000),
(6403080, 6403, ' Kotabangun', 66000),
(6403090, 6403, ' Tenggarong', 66000),
(6403100, 6403, ' Sebulu', 66000),
(6403110, 6403, ' Tenggarong Seberan', 66000),
(6403120, 6403, ' Anggana', 66000),
(6403130, 6403, ' Muara Badak', 66000),
(6403140, 6403, ' Marang Kayu', 66000),
(6403150, 6403, ' Muara Kaman', 66000),
(6403160, 6403, ' Kenohan', 66000),
(6403170, 6403, ' Kembang Janggut', 66000),
(6403180, 6403, ' Tabang', 66000),
(6404010, 6404, ' Muara Ancalong', 66000),
(6404011, 6404, ' Busang', 66000),
(6404012, 6404, ' Long Mesangat', 66000),
(6404020, 6404, ' Muara Wahau', 66000),
(6404021, 6404, ' Telen', 66000),
(6404022, 6404, ' Kongbeng', 66000),
(6404030, 6404, ' Muara Bengkal', 66000),
(6404031, 6404, ' Batu Ampar', 66000),
(6404040, 6404, ' Sangatta Utara', 66000),
(6404041, 6404, ' Bengalon', 66000),
(6404042, 6404, ' Teluk Pandan', 66000),
(6404043, 6404, ' Sangatta Selatan', 66000),
(6404044, 6404, ' Rantau Pulung', 66000),
(6404050, 6404, ' Sangkulirang', 66000),
(6404051, 6404, ' Kaliorang', 66000),
(6404052, 6404, ' Sandaran', 66000),
(6404053, 6404, ' Kaubun', 66000),
(6404054, 6404, ' Karangan', 66000),
(6405010, 6405, ' Kelay', 66000),
(6405020, 6405, ' Talisayan', 66000),
(6405021, 6405, ' Tabalar', 66000),
(6405030, 6405, ' Biduk Biduk', 66000),
(6405040, 6405, ' Pulau Derawan', 66000),
(6405041, 6405, ' Maratua', 66000),
(6405050, 6405, ' Sambaliung', 66000),
(6405060, 6405, ' Tanjung Redeb', 66000),
(6405070, 6405, ' Gunung Tabur', 66000),
(6405080, 6405, ' Segah', 66000),
(6405090, 6405, ' Teluk Bayur', 66000),
(6405100, 6405, ' Batu Putih', 66000),
(6405110, 6405, ' Biatan', 66000),
(6409010, 6409, ' Babulu', 66000),
(6409020, 6409, ' Waru', 66000),
(6409030, 6409, ' Penajam', 66000),
(6409040, 6409, ' Sepaku', 66000),
(6471010, 6471, ' Balikpapan Selatan', 58000),
(6471020, 6471, ' Balikpapan Timur', 58000),
(6471030, 6471, ' Balikpapan Utara', 58000),
(6471040, 6471, ' Balikpapan Tengah', 58000),
(6471050, 6471, ' Balikpapan Barat', 58000),
(6472010, 6472, ' Palaran', 58000),
(6472020, 6472, ' Samarinda Ilir', 58000),
(6472021, 6472, ' Samarinda Kota', 58000),
(6472022, 6472, ' Sambutan', 58000),
(6472030, 6472, ' Samarinda Seberang', 58000),
(6472031, 6472, ' Loa Janan Ilir', 58000),
(6472040, 6472, ' Sungai Kunjang', 58000),
(6472050, 6472, ' Samarinda Ulu', 58000),
(6472060, 6472, ' Samarinda Utara', 58000),
(6472061, 6472, ' Sungai Pinang', 58000),
(6474010, 6474, ' Bontang Selatan', 65000),
(6474020, 6474, ' Bontang Utara', 65000),
(6474030, 6474, ' Bontang Barat', 65000),
(6501010, 6501, ' Kayan Hulu', 86000),
(6501011, 6501, ' Sungai Boh', 86000),
(6501012, 6501, ' Kayan Selatan', 86000),
(6501020, 6501, ' Kayan Hilir', 86000),
(6501030, 6501, ' Pujungan', 86000),
(6501031, 6501, ' Bahau Hulu', 86000),
(6501040, 6501, ' Malinau Kota', 86000),
(6501041, 6501, ' Malinau Selatan', 86000),
(6501042, 6501, ' Malinau Barat', 86000),
(6501043, 6501, ' Malinau Utara', 86000),
(6501044, 6501, ' Malinau Selatan Hi', 86000),
(6501045, 6501, ' Malinau Selatan Hu', 86000),
(6501050, 6501, ' Mentarang', 86000),
(6501051, 6501, ' Mentarang Hulu', 86000),
(6501052, 6501, ' Sungai Tubu', 86000),
(6502010, 6502, ' Peso', 86000),
(6502020, 6502, ' Peso Hilir', 86000),
(6502030, 6502, ' Tanjung Palas Bara', 86000),
(6502040, 6502, ' Tanjung Palas', 86000),
(6502050, 6502, ' Tanjung Selor', 86000),
(6502060, 6502, ' Tanjung Palas Timu', 86000),
(6502070, 6502, ' Tanjung Palas Teng', 86000),
(6502080, 6502, ' Tanjung Palas Utar', 86000),
(6502090, 6502, ' Sekatak', 86000),
(6502100, 6502, ' Bunyu', 86000),
(6503010, 6503, ' Sesayap', 86000),
(6503020, 6503, ' Sesayap Hilir', 86000),
(6503030, 6503, ' Tana Lia', 86000),
(6504010, 6504, ' Krayan', 86000),
(6504011, 6504, ' Krayan Selatan', 86000),
(6504020, 6504, ' Lumbis', 86000),
(6504021, 6504, ' Lumbis Ogong', 86000),
(6504030, 6504, ' Sembakung', 86000),
(6504031, 6504, ' Sembakung Atulai', 86000),
(6504040, 6504, ' Nunukan', 86000),
(6504041, 6504, ' Sebuku', 86000),
(6504042, 6504, ' Nunukan Selatan', 86000),
(6504043, 6504, ' Sei Menggaris', 86000),
(6504044, 6504, ' Tulin Onsoi', 86000),
(6504050, 6504, ' Sebatik', 86000),
(6504051, 6504, ' Sebatik Barat', 86000),
(6504052, 6504, ' Sebatik Tengah', 86000),
(6504053, 6504, ' Sebatik Utara', 86000),
(6504054, 6504, ' Sebatik Timur', 86000),
(6571010, 6571, ' Tarakan Timur', 86000),
(6571020, 6571, ' Tarakan Tengah', 86000),
(6571030, 6571, ' Tarakan Barat', 86000),
(6571040, 6571, ' Tarakan Utara', 86000),
(7101021, 7101, ' Dumoga Barat', 80000),
(7101022, 7101, ' Dumoga Utara', 80000),
(7101023, 7101, ' Dumoga Timur', 80000),
(7101060, 7101, ' Lolayan', 80000),
(7101081, 7101, ' Passi Barat', 80000),
(7101082, 7101, ' Passi Timur', 80000),
(7101083, 7101, ' Bilalang', 80000),
(7101090, 7101, ' Poigar', 80000),
(7101100, 7101, ' Bolaang', 80000),
(7101101, 7101, ' Bolaang Timur', 80000),
(7101110, 7101, ' Lolak', 80000),
(7101120, 7101, ' Sangtombolang', 80000),
(7102091, 7102, ' Langowan Timur', 80000),
(7102092, 7102, ' Langowan Barat', 80000),
(7102093, 7102, ' Langowan Selatan', 80000),
(7102094, 7102, ' Langowan Utara', 80000),
(7102110, 7102, ' Tompaso', 80000),
(7102111, 7102, ' Tompaso Barat', 80000),
(7102120, 7102, ' Kawangkoan', 80000),
(7102121, 7102, ' Kawangkoan Barat', 80000),
(7102122, 7102, ' Kawangkoan Utara', 80000),
(7102130, 7102, ' Sonder', 80000),
(7102160, 7102, ' Tombariri', 80000),
(7102161, 7102, ' Tombariri Timur', 80000),
(7102170, 7102, ' Pineleng', 80000),
(7102171, 7102, ' Tombulu', 80000),
(7102172, 7102, ' Mandolang', 80000),
(7102190, 7102, ' Tondano Barat', 80000),
(7102191, 7102, ' Tondano Selatan', 80000),
(7102200, 7102, ' Remboken', 80000),
(7102210, 7102, ' Kakas', 80000),
(7102211, 7102, ' Kakas Barat', 80000),
(7102220, 7102, ' Lembean Timur', 80000),
(7102230, 7102, ' Eris', 80000),
(7102240, 7102, ' Kombi', 80000),
(7102250, 7102, ' Tondano Timur', 80000),
(7102251, 7102, ' Tondano Utara', 80000),
(7103040, 7103, ' Manganitu Selatan', 80000),
(7103041, 7103, ' Tatoareng', 80000),
(7103050, 7103, ' Tamako', 80000),
(7103060, 7103, ' Tabukan Selatan', 80000),
(7103061, 7103, ' Tabukan Selatan Te', 80000),
(7103062, 7103, ' Tabukan Selatan Te', 80000),
(7103070, 7103, ' Tabukan Tengah', 80000),
(7103080, 7103, ' Manganitu', 80000),
(7103090, 7103, ' Tahuna', 80000),
(7103091, 7103, ' Tahuna Timur', 80000),
(7103092, 7103, ' Tahuna Barat', 80000),
(7103100, 7103, ' Tabukan Utara', 80000),
(7103101, 7103, ' Nusa Tabukan', 80000),
(7103102, 7103, ' Kepulauan Marore', 80000),
(7103110, 7103, ' Kendahe', 80000),
(7104010, 7104, ' Kabaruan', 80000),
(7104011, 7104, ' Damau', 80000),
(7104020, 7104, ' Lirung', 80000),
(7104021, 7104, ' Salibabu', 80000),
(7104022, 7104, ' Kalongan', 80000),
(7104023, 7104, ' Moronge', 80000),
(7104030, 7104, ' Melonguane', 80000),
(7104031, 7104, ' Melonguane Timur', 80000),
(7104040, 7104, ' Beo', 80000),
(7104041, 7104, ' Beo Utara', 80000),
(7104042, 7104, ' Beo Selatan', 80000),
(7104050, 7104, ' Rainis', 80000),
(7104051, 7104, ' Tampa Na\'mma', 80000),
(7104052, 7104, ' Pulutan', 80000),
(7104060, 7104, ' Essang', 80000),
(7104061, 7104, ' Essang Selatan', 80000),
(7104070, 7104, ' Gemeh', 80000),
(7104080, 7104, ' Nanusa', 80000),
(7104081, 7104, ' Miangas', 80000),
(7105010, 7105, ' Modoinding', 80000),
(7105020, 7105, ' Tompaso Baru', 80000),
(7105021, 7105, ' Maesaan', 80000),
(7105070, 7105, ' Ranoyapo', 80000),
(7105080, 7105, ' Motoling', 80000),
(7105081, 7105, ' Kumelembuai', 80000),
(7105082, 7105, ' Motoling Barat', 80000),
(7105083, 7105, ' Motoling Timur', 80000),
(7105090, 7105, ' Sinonsayang', 80000),
(7105100, 7105, ' Tenga', 80000),
(7105111, 7105, ' Amurang', 80000),
(7105112, 7105, ' Amurang Barat', 80000),
(7105113, 7105, ' Amurang Timur', 80000),
(7105120, 7105, ' Tareran', 80000),
(7105121, 7105, ' Sulta', 80000),
(7105130, 7105, ' Tumpaan', 80000),
(7105131, 7105, ' Tatapaan', 80000),
(7106010, 7106, ' Kema', 80000),
(7106020, 7106, ' Kauditan', 80000),
(7106030, 7106, ' Airmadidi', 80000),
(7106040, 7106, ' Kalawat', 80000),
(7106050, 7106, ' Dimembe', 80000),
(7106051, 7106, ' Talawaan', 80000),
(7106060, 7106, ' Wori', 80000),
(7106070, 7106, ' Likupang Barat', 80000),
(7106080, 7106, ' Likupang Timur', 80000),
(7106081, 7106, ' Likupang Selatan', 80000),
(7107010, 7107, ' Sangkub', 80000),
(7107020, 7107, ' Bintauna', 80000),
(7107030, 7107, ' Bolang Itang Timur', 80000),
(7107040, 7107, ' Bolang Itang Barat', 80000),
(7107050, 7107, ' Kaidipang', 80000),
(7107060, 7107, ' Pinogaluman', 80000),
(7108010, 7108, ' Biaro', 80000),
(7108020, 7108, ' Tagulandang Selata', 80000),
(7108030, 7108, ' Tagulandang', 80000),
(7108040, 7108, ' Tagulandang Utara', 80000),
(7108050, 7108, ' Siau Barat Selatan', 80000),
(7108060, 7108, ' Siau Timur Selatan', 80000),
(7108070, 7108, ' Siau Barat', 80000),
(7108080, 7108, ' Siau Tengah', 80000),
(7108090, 7108, ' Siau Timur', 80000),
(7108100, 7108, ' Siau Barat Utara', 80000),
(7109010, 7109, ' Ratatotok', 80000),
(7109020, 7109, ' Pusomaen', 80000),
(7109030, 7109, ' Belang', 80000),
(7109040, 7109, ' Ratahan', 80000),
(7109041, 7109, ' Pasan', 80000),
(7109042, 7109, ' Ratahan Timur', 80000),
(7109050, 7109, ' Tombatu', 80000),
(7109051, 7109, ' Tombatu Timur', 80000),
(7109052, 7109, ' Tombatu Utara', 80000),
(7109060, 7109, ' Touluaan', 80000),
(7109061, 7109, ' Touluaan Selatan', 80000),
(7109062, 7109, ' Silian Raya', 80000),
(7110010, 7110, ' Posigadan', 80000),
(7110020, 7110, ' Bolang Uki', 80000),
(7110030, 7110, ' Pinolosian', 80000),
(7110040, 7110, ' Pinolosian Tengah', 80000),
(7110050, 7110, ' Pinolosian Timur', 80000),
(7111010, 7111, ' Nuangan', 80000),
(7111020, 7111, ' Tutuyan', 80000),
(7111030, 7111, ' Kotabunan', 80000),
(7111040, 7111, ' Modayag', 80000),
(7111050, 7111, ' Modayag Barat', 80000),
(7171010, 7171, ' Malalayang', 80000),
(7171020, 7171, ' Sario', 80000),
(7171021, 7171, ' Wanea', 80000),
(7171030, 7171, ' Wenang', 80000),
(7171031, 7171, ' Tikala', 80000),
(7171032, 7171, ' Paal Dua', 80000),
(7171040, 7171, ' Mapanget', 80000),
(7171051, 7171, ' Singkil', 80000),
(7171052, 7171, ' Tuminting', 80000),
(7171053, 7171, ' Bunaken', 80000),
(7171054, 7171, ' Bunaken Kepulauan', 80000),
(7172010, 7172, ' Madidir', 80000),
(7172011, 7172, ' Matuari', 80000),
(7172012, 7172, ' Girian', 80000),
(7172021, 7172, ' Lembeh Selatan', 80000),
(7172022, 7172, ' Lembeh Utara', 80000),
(7172030, 7172, ' Aertembaga', 80000),
(7172031, 7172, ' Maesa', 80000),
(7172040, 7172, ' Ranowulu', 80000),
(7173010, 7173, ' Tomohon Selatan', 80000),
(7173020, 7173, ' Tomohon Tengah', 80000),
(7173021, 7173, ' Tomohon Timur', 80000),
(7173022, 7173, ' Tomohon Barat', 80000),
(7173030, 7173, ' Tomohon Utara', 80000),
(7174010, 7174, ' Kotamobagu Selatan', 80000),
(7174020, 7174, ' Kotamobagu Timur', 80000),
(7174030, 7174, ' Kotamobagu Barat', 80000),
(7174040, 7174, ' Kotamobagu Utara', 80000),
(7201010, 7201, ' Labobo', 80000),
(7201011, 7201, ' Bokan Kepulauan', 80000),
(7201012, 7201, ' Bangkurung', 80000),
(7201020, 7201, ' Banggai', 80000),
(7201021, 7201, ' Banggai Utara', 80000),
(7201022, 7201, ' Banggai Tengah', 80000),
(7201023, 7201, ' Banggai Selatan', 80000),
(7201030, 7201, ' Totikum', 80000),
(7201031, 7201, ' Totikum Selatan', 80000),
(7201040, 7201, ' Tinangkung', 80000),
(7201041, 7201, ' Tinangkung Selatan', 80000),
(7201042, 7201, ' Tinangkung Utara', 80000),
(7201050, 7201, ' Liang', 80000),
(7201051, 7201, ' Peling Tengah', 80000),
(7201060, 7201, ' Bulagi', 80000),
(7201061, 7201, ' Bulagi Selatan', 80000),
(7201062, 7201, ' Bulagi Utara', 80000),
(7201070, 7201, ' Buko', 80000),
(7201071, 7201, ' Buko Selatan', 80000),
(7202010, 7202, ' Toili', 80000),
(7202011, 7202, ' Toili Barat', 80000),
(7202012, 7202, ' Moilong', 80000),
(7202020, 7202, ' Batui', 80000),
(7202021, 7202, ' Batui Selatan', 80000),
(7202030, 7202, ' Bunta', 80000),
(7202031, 7202, ' Nuhon', 80000),
(7202032, 7202, ' Simpang Raya', 80000),
(7202040, 7202, ' Kintom', 80000),
(7202050, 7202, ' Luwuk', 80000),
(7202051, 7202, ' Luwuk Timur', 80000),
(7202052, 7202, ' Luwuk Utara', 80000),
(7202053, 7202, ' Luwuk Selatan', 80000),
(7202054, 7202, ' Nambo', 80000),
(7202060, 7202, ' Pagimana', 80000),
(7202061, 7202, ' Bualemo', 80000),
(7202062, 7202, ' Lobu', 80000),
(7202070, 7202, ' Lamala', 80000),
(7202071, 7202, ' Masama', 80000),
(7202072, 7202, ' Mantoh', 80000),
(7202080, 7202, ' Balantak', 80000),
(7202081, 7202, ' Balantak Selatan', 80000),
(7202082, 7202, ' Balantak Utara', 80000),
(7203010, 7203, ' Menui Kepulauan', 80000),
(7203020, 7203, ' Bungku Selatan', 80000),
(7203021, 7203, ' Bahodopi', 80000),
(7203022, 7203, ' Bungku Pesisir', 80000),
(7203030, 7203, ' Bungku Tengah', 80000),
(7203031, 7203, ' Bungku Timur', 80000),
(7203040, 7203, ' Bungku Barat', 80000),
(7203041, 7203, ' Bumi Raya', 80000),
(7203042, 7203, ' Wita Ponda', 80000),
(7203050, 7203, ' Lembo', 80000),
(7203051, 7203, ' Lembo Raya', 80000),
(7203060, 7203, ' Mori Atas', 80000),
(7203061, 7203, ' Mori Utara', 80000),
(7203070, 7203, ' Petasia', 80000),
(7203071, 7203, ' Soyo Jaya', 80000),
(7203072, 7203, ' Petasia Timur', 80000),
(7203080, 7203, ' Bungku Utara', 80000),
(7203081, 7203, ' Mamosalato', 80000),
(7204010, 7204, ' Pamona Selatan', 80000),
(7204011, 7204, ' Pamona Barat', 80000),
(7204012, 7204, ' Pamona Tenggara', 80000),
(7204020, 7204, ' Lore Selatan', 80000),
(7204021, 7204, ' Lore Barat', 80000),
(7204030, 7204, ' Pamona Pusalemba', 80000),
(7204031, 7204, ' Pamona Timur', 80000),
(7204032, 7204, ' Pamona Utara', 80000),
(7204040, 7204, ' Lore Utara', 80000),
(7204041, 7204, ' Lore Tengah', 80000),
(7204042, 7204, ' Lore Timur', 80000),
(7204043, 7204, ' Lore Peore', 80000),
(7204050, 7204, ' Poso Pesisir', 80000),
(7204051, 7204, ' Poso Pesisir Selat', 80000),
(7204052, 7204, ' Poso Pesisir Utara', 80000),
(7204060, 7204, ' Lage', 80000),
(7204070, 7204, ' Poso Kota', 80000),
(7204071, 7204, ' Poso Kota Utara', 80000),
(7204072, 7204, ' Poso Kota Selatan', 80000),
(7205041, 7205, ' Rio Pakava', 80000),
(7205051, 7205, ' Pinembani', 80000),
(7205080, 7205, ' Banawa', 80000),
(7205081, 7205, ' Banawa Selatan', 80000),
(7205082, 7205, ' Banawa Tengah', 80000),
(7205090, 7205, ' Labuan', 80000),
(7205091, 7205, ' Tanantovea', 80000),
(7205100, 7205, ' Sindue', 80000),
(7205101, 7205, ' Sindue Tombusabora', 80000),
(7205102, 7205, ' Sindue Tobata', 80000),
(7205120, 7205, ' Sirenja', 80000),
(7205130, 7205, ' Balaesang', 80000),
(7205131, 7205, ' Balaesang Tanjung', 80000),
(7205140, 7205, ' Damsol', 80000),
(7205160, 7205, ' Sojol', 80000),
(7205161, 7205, ' Sojol Utara', 80000),
(7206010, 7206, ' Dampal Selatan', 80000),
(7206020, 7206, ' Dampal Utara', 80000),
(7206030, 7206, ' Dondo', 80000),
(7206031, 7206, ' Ogodeide', 80000),
(7206032, 7206, ' Basidondo', 80000),
(7206040, 7206, ' Baolan', 80000),
(7206041, 7206, ' Lampasio', 80000),
(7206050, 7206, ' Galang', 80000),
(7206060, 7206, ' Tolitoli Utara', 80000),
(7206061, 7206, ' Dako Pamean', 80000),
(7207010, 7207, ' Lakea', 80000),
(7207011, 7207, ' Biau', 80000),
(7207012, 7207, ' Karamat', 80000),
(7207020, 7207, ' Momunu', 80000),
(7207021, 7207, ' Tiloan', 80000),
(7207030, 7207, ' Bokat', 80000),
(7207031, 7207, ' Bukal', 80000),
(7207040, 7207, ' Bunobogu', 80000),
(7207041, 7207, ' Gadung', 80000),
(7207050, 7207, ' Paleleh', 80000),
(7207051, 7207, ' Paleleh Barat', 80000),
(7208010, 7208, ' Sausu', 80000),
(7208011, 7208, ' Torue', 80000),
(7208012, 7208, ' Balinggi', 80000),
(7208020, 7208, ' Parigi', 80000),
(7208021, 7208, ' Parigi Selatan', 80000),
(7208022, 7208, ' Parigi Barat', 80000),
(7208023, 7208, ' Parigi Utara', 80000),
(7208024, 7208, ' Parigi Tengah', 80000),
(7208030, 7208, ' Ampibabo', 80000),
(7208031, 7208, ' Kasimbar', 80000),
(7208032, 7208, ' Toribulu', 80000),
(7208033, 7208, ' Siniu', 80000),
(7208040, 7208, ' Tinombo', 80000),
(7208041, 7208, ' Tinombo Selatan', 80000),
(7208050, 7208, ' Tomini', 80000),
(7208051, 7208, ' Mepanga', 80000),
(7208052, 7208, ' Palasa', 80000),
(7208060, 7208, ' Moutong', 80000),
(7208061, 7208, ' Bolano Lambunu', 80000),
(7208062, 7208, ' Taopa', 80000),
(7208063, 7208, ' Bolano', 80000),
(7208064, 7208, ' Ongka Malino', 80000),
(7209010, 7209, ' Tojo Barat', 80000),
(7209020, 7209, ' Tojo', 80000),
(7209030, 7209, ' Ulubongka', 80000),
(7209040, 7209, ' Ampana Tete', 80000),
(7209050, 7209, ' Ampana Kota', 80000),
(7209060, 7209, ' Una - Una', 80000),
(7209070, 7209, ' Togean', 80000),
(7209080, 7209, ' Walea Kepulauan', 80000),
(7209081, 7209, ' Walea Besar', 80000),
(7210010, 7210, ' Pipikoro', 80000),
(7210020, 7210, ' Kulawi Selatan', 80000),
(7210030, 7210, ' Kulawi', 80000),
(7210040, 7210, ' Lindu', 80000),
(7210050, 7210, ' Nokilalaki', 80000),
(7210060, 7210, ' Palolo', 80000),
(7210070, 7210, ' Gumbasa', 80000),
(7210080, 7210, ' Dolo Selatan', 80000),
(7210090, 7210, ' Dolo Barat', 80000),
(7210100, 7210, ' Tanambulava', 80000),
(7210110, 7210, ' Dolo', 80000),
(7210120, 7210, ' Sigi Biromaru', 80000),
(7210130, 7210, ' Marawola', 80000),
(7210140, 7210, ' Marawola Barat', 80000),
(7210150, 7210, ' Kinovaro', 80000),
(7271010, 7271, ' Palu Barat', 72000),
(7271011, 7271, ' Tatanga', 72000),
(7271012, 7271, ' Ulujadi', 72000),
(7271020, 7271, ' Palu Selatan', 72000),
(7271030, 7271, ' Palu Timur', 72000);
INSERT INTO `wilayah_kecamatan` (`id`, `kabupaten_id`, `nama`, `ongkir`) VALUES
(7271031, 7271, ' Mantikulore', 72000),
(7271040, 7271, ' Palu Utara', 72000),
(7271041, 7271, ' Tawaeli', 72000),
(7301010, 7301, ' Pasimarannu', 58000),
(7301011, 7301, ' Pasilambena', 58000),
(7301020, 7301, ' Pasimassunggu', 58000),
(7301021, 7301, ' Takabonerate', 58000),
(7301022, 7301, ' Pasimassunggu Timu', 58000),
(7301030, 7301, ' Bontosikuyu', 58000),
(7301040, 7301, ' Bontoharu', 58000),
(7301041, 7301, ' Benteng', 58000),
(7301042, 7301, ' Bontomanai', 58000),
(7301050, 7301, ' Bontomatene', 58000),
(7301051, 7301, ' Buki', 58000),
(7302010, 7302, ' Gantarang', 58000),
(7302020, 7302, ' Ujung Bulu', 58000),
(7302021, 7302, ' Ujung Loe', 58000),
(7302030, 7302, ' Bonto Bahari', 58000),
(7302040, 7302, ' Bontotiro', 58000),
(7302050, 7302, ' Hero Lange-lange', 58000),
(7302060, 7302, ' Kajang', 58000),
(7302070, 7302, ' Bulukumpa', 58000),
(7302080, 7302, ' Rilau Ale', 58000),
(7302090, 7302, ' Kindang', 58000),
(7303010, 7303, ' Bissappu', 58000),
(7303011, 7303, ' Uluere', 58000),
(7303012, 7303, ' Sinoa', 58000),
(7303020, 7303, ' Bantaeng', 58000),
(7303021, 7303, ' Eremerasa', 58000),
(7303030, 7303, ' Tompobulu', 58000),
(7303031, 7303, ' Pa\'jukukang', 58000),
(7303032, 7303, ' Gantarangkeke', 58000),
(7304010, 7304, ' Bangkala', 58000),
(7304011, 7304, ' Bangkala Barat', 58000),
(7304020, 7304, ' Tamalatea', 58000),
(7304021, 7304, ' Bontoramba', 58000),
(7304030, 7304, ' Binamu', 58000),
(7304031, 7304, ' Turatea', 58000),
(7304040, 7304, ' Batang', 58000),
(7304041, 7304, ' Arungkeke', 58000),
(7304042, 7304, ' Tarowang', 58000),
(7304050, 7304, ' Kelara', 58000),
(7304051, 7304, ' Rumbia', 58000),
(7305010, 7305, ' Mangara Bombang', 58000),
(7305020, 7305, ' Mappakasunggu', 58000),
(7305021, 7305, ' Sanrobone', 58000),
(7305030, 7305, ' Polombangkeng Sela', 58000),
(7305031, 7305, ' Pattallassang', 58000),
(7305040, 7305, ' Polombangkeng Utar', 58000),
(7305050, 7305, ' Galesong Selatan', 58000),
(7305051, 7305, ' Galesong', 58000),
(7305060, 7305, ' Galesong Utara', 58000),
(7306010, 7306, ' Bontonompo', 58000),
(7306011, 7306, ' Bontonompo Selatan', 58000),
(7306020, 7306, ' Bajeng', 58000),
(7306021, 7306, ' Bajeng Barat', 58000),
(7306030, 7306, ' Pallangga', 58000),
(7306031, 7306, ' Barombong', 58000),
(7306040, 7306, ' Somba Opu', 58000),
(7306050, 7306, ' Bontomarannu', 58000),
(7306051, 7306, ' Pattallassang', 58000),
(7306060, 7306, ' Parangloe', 58000),
(7306061, 7306, ' Manuju', 58000),
(7306070, 7306, ' Tinggimoncong', 58000),
(7306071, 7306, ' Tombolo Pao', 58000),
(7306072, 7306, ' Parigi', 58000),
(7306080, 7306, ' Bungaya', 58000),
(7306081, 7306, ' Bontolempangan', 58000),
(7306090, 7306, ' Tompobulu', 58000),
(7306091, 7306, ' Biringbulu', 58000),
(7307010, 7307, ' Sinjai Barat', 58000),
(7307020, 7307, ' Sinjai Borong', 58000),
(7307030, 7307, ' Sinjai Selatan', 58000),
(7307040, 7307, ' Tellu Limpoe', 58000),
(7307050, 7307, ' Sinjai Timur', 58000),
(7307060, 7307, ' Sinjai Tengah', 58000),
(7307070, 7307, ' Sinjai Utara', 58000),
(7307080, 7307, ' Bulupoddo', 58000),
(7307090, 7307, ' Pulau Sembilan', 58000),
(7308010, 7308, ' Mandai', 58000),
(7308011, 7308, ' Moncongloe', 58000),
(7308020, 7308, ' Maros Baru', 58000),
(7308021, 7308, ' Marusu', 58000),
(7308022, 7308, ' Turikale', 58000),
(7308023, 7308, ' Lau', 58000),
(7308030, 7308, ' Bontoa', 58000),
(7308040, 7308, ' Bantimurung', 58000),
(7308041, 7308, ' Simbang', 58000),
(7308050, 7308, ' Tanralili', 58000),
(7308051, 7308, ' Tompu Bulu', 58000),
(7308060, 7308, ' Camba', 58000),
(7308061, 7308, ' Cenrana', 58000),
(7308070, 7308, ' Mallawa', 58000),
(7309010, 7309, ' Liukang Tangaya', 58000),
(7309020, 7309, ' Liukang Kalmas', 58000),
(7309030, 7309, ' Liukang Tupabbirin', 58000),
(7309031, 7309, ' Liukang Tupabbirin', 58000),
(7309040, 7309, ' Pangkajene', 58000),
(7309041, 7309, ' Minasatene', 58000),
(7309050, 7309, ' Balocci', 58000),
(7309051, 7309, ' Tondong Tallasa', 58000),
(7309060, 7309, ' Bungoro', 58000),
(7309070, 7309, ' Labakkang', 58000),
(7309080, 7309, ' Ma\'rang', 58000),
(7309091, 7309, ' Segeri', 58000),
(7309092, 7309, ' Mandalle', 58000),
(7310010, 7310, ' Tanete Riaja', 58000),
(7310011, 7310, ' Pujananting', 58000),
(7310020, 7310, ' Tanete Rilau', 58000),
(7310030, 7310, ' Barru', 58000),
(7310040, 7310, ' Soppeng Riaja', 58000),
(7310041, 7310, ' Balusu', 58000),
(7310050, 7310, ' Mallusetasi', 58000),
(7311010, 7311, ' Bontocani', 58000),
(7311020, 7311, ' Kahu', 58000),
(7311030, 7311, ' Kajuara', 58000),
(7311040, 7311, ' Salomekko', 58000),
(7311050, 7311, ' Tonra', 58000),
(7311060, 7311, ' Patimpeng', 58000),
(7311070, 7311, ' Libureng', 58000),
(7311080, 7311, ' Mare', 58000),
(7311090, 7311, ' Sibulue', 58000),
(7311100, 7311, ' Cina', 58000),
(7311110, 7311, ' Barebbo', 58000),
(7311120, 7311, ' Ponre', 58000),
(7311130, 7311, ' Lappariaja', 58000),
(7311140, 7311, ' Lamuru', 58000),
(7311141, 7311, ' Tellu Limpoe', 58000),
(7311150, 7311, ' Bengo', 58000),
(7311160, 7311, ' Ulaweng', 58000),
(7311170, 7311, ' Palakka', 58000),
(7311180, 7311, ' Awangpone', 58000),
(7311190, 7311, ' Tellu Siattinge', 58000),
(7311200, 7311, ' Amali', 58000),
(7311210, 7311, ' Ajangale', 58000),
(7311220, 7311, ' Dua Boccoe', 58000),
(7311230, 7311, ' Cenrana', 58000),
(7311710, 7311, ' Tanete Riattang Ba', 58000),
(7311720, 7311, ' Tanete Riattang', 58000),
(7311730, 7311, ' Tanete Riattang Ti', 58000),
(7312010, 7312, ' Mario Riwawo', 58000),
(7312020, 7312, ' Lalabata', 58000),
(7312030, 7312, ' Lili Riaja', 58000),
(7312031, 7312, ' Ganra', 58000),
(7312032, 7312, ' Citta', 58000),
(7312040, 7312, ' Lili Rilau', 58000),
(7312050, 7312, ' Donri Donri', 58000),
(7312060, 7312, ' Mario Riawa', 58000),
(7313010, 7313, ' Sabbang Paru', 58000),
(7313020, 7313, ' Tempe', 58000),
(7313030, 7313, ' Pammana', 58000),
(7313040, 7313, ' Bola', 58000),
(7313050, 7313, ' Takkalalla', 58000),
(7313060, 7313, ' Sajoanging', 58000),
(7313061, 7313, ' Penrang', 58000),
(7313070, 7313, ' Majauleng', 58000),
(7313080, 7313, ' Tana Sitolo', 58000),
(7313090, 7313, ' Belawa', 58000),
(7313100, 7313, ' Maniang Pajo', 58000),
(7313101, 7313, ' Gilireng', 58000),
(7313110, 7313, ' Keera', 58000),
(7313120, 7313, ' Pitumpanua', 58000),
(7314010, 7314, ' Panca Lautang', 58000),
(7314020, 7314, ' Tellulimpo E', 58000),
(7314030, 7314, ' Watang Pulu', 58000),
(7314040, 7314, ' Baranti', 58000),
(7314050, 7314, ' Panca Rijang', 58000),
(7314051, 7314, ' Kulo', 58000),
(7314060, 7314, ' Maritengngae', 58000),
(7314061, 7314, ' Watang Sidenreng', 58000),
(7314070, 7314, ' Pitu Riawa', 58000),
(7314080, 7314, ' Duapitue', 58000),
(7314081, 7314, ' Pitu Riase', 58000),
(7315010, 7315, ' Suppa', 58000),
(7315020, 7315, ' Mattirosompe', 58000),
(7315021, 7315, ' Lanrisang', 58000),
(7315030, 7315, ' Mattiro Bulu', 58000),
(7315040, 7315, ' Watang Sawitto', 58000),
(7315041, 7315, ' Paleteang', 58000),
(7315042, 7315, ' Tiroang', 58000),
(7315050, 7315, ' Patampanua', 58000),
(7315060, 7315, ' Cempa', 58000),
(7315070, 7315, ' Duampanua', 58000),
(7315071, 7315, ' Batulappa', 58000),
(7315080, 7315, ' Lembang', 58000),
(7316010, 7316, ' Maiwa', 58000),
(7316011, 7316, ' Bungin', 58000),
(7316020, 7316, ' Enrekang', 58000),
(7316021, 7316, ' Cendana', 58000),
(7316030, 7316, ' Baraka', 58000),
(7316031, 7316, ' Buntu Batu', 58000),
(7316040, 7316, ' Anggeraja', 58000),
(7316041, 7316, ' Malua', 58000),
(7316050, 7316, ' Alla', 58000),
(7316051, 7316, ' Curio', 58000),
(7316052, 7316, ' Masalle', 58000),
(7316053, 7316, ' Baroko', 58000),
(7317010, 7317, ' Larompong', 58000),
(7317011, 7317, ' Larompong Selatan', 58000),
(7317020, 7317, ' Suli', 58000),
(7317021, 7317, ' Suli Barat', 58000),
(7317030, 7317, ' Belopa', 58000),
(7317031, 7317, ' Kamanre', 58000),
(7317032, 7317, ' Belopa Utara', 58000),
(7317040, 7317, ' Bajo', 58000),
(7317041, 7317, ' Bajo Barat', 58000),
(7317050, 7317, ' Bassesangtempe', 58000),
(7317051, 7317, ' Latimojong', 58000),
(7317052, 7317, ' Bassesangtempe Uta', 58000),
(7317060, 7317, ' Bupon', 58000),
(7317061, 7317, ' Ponrang', 58000),
(7317062, 7317, ' Ponrang Selatan', 58000),
(7317070, 7317, ' Bua', 58000),
(7317080, 7317, ' Walenrang', 58000),
(7317081, 7317, ' Walenrang Timur', 58000),
(7317090, 7317, ' Lamasi', 58000),
(7317091, 7317, ' Walenrang Utara', 58000),
(7317092, 7317, ' Walenrang Barat', 58000),
(7317093, 7317, ' Lamasi Timur', 58000),
(7318010, 7318, ' Bonggakaradeng', 58000),
(7318011, 7318, ' Simbuang', 58000),
(7318012, 7318, ' Rano', 58000),
(7318013, 7318, ' Mappak', 58000),
(7318020, 7318, ' Mengkendek', 58000),
(7318021, 7318, ' Gandang Batu Silan', 58000),
(7318030, 7318, ' Sangalla', 58000),
(7318031, 7318, ' Sangala Selatan', 58000),
(7318032, 7318, ' Sangalla Utara', 58000),
(7318040, 7318, ' Makale', 58000),
(7318041, 7318, ' Makale Selatan', 58000),
(7318042, 7318, ' Makale Utara', 58000),
(7318050, 7318, ' Saluputti', 58000),
(7318051, 7318, ' Bittuang', 58000),
(7318052, 7318, ' Rembon', 58000),
(7318053, 7318, ' Masanda', 58000),
(7318054, 7318, ' Malimbong Balepe', 58000),
(7318061, 7318, ' Rantetayo', 58000),
(7318067, 7318, ' Kurra', 58000),
(7322010, 7322, ' Sabbang', 58000),
(7322020, 7322, ' Baebunta', 58000),
(7322030, 7322, ' Malangke', 58000),
(7322031, 7322, ' Malangke Barat', 58000),
(7322040, 7322, ' Sukamaju', 58000),
(7322050, 7322, ' Bone-bone', 58000),
(7322051, 7322, ' Tana Lili', 58000),
(7322120, 7322, ' Masamba', 58000),
(7322121, 7322, ' Mappedeceng', 58000),
(7322122, 7322, ' Rampi', 58000),
(7322130, 7322, ' Limbong', 58000),
(7322131, 7322, ' Seko', 58000),
(7325010, 7325, ' Burau', 58000),
(7325020, 7325, ' Wotu', 58000),
(7325030, 7325, ' Tomoni', 58000),
(7325031, 7325, ' Tomoni Timur', 58000),
(7325040, 7325, ' Angkona', 58000),
(7325050, 7325, ' Malili', 58000),
(7325060, 7325, ' Towuti', 58000),
(7325070, 7325, ' Nuha', 58000),
(7325071, 7325, ' Wasuponda', 58000),
(7325080, 7325, ' Mangkutana', 58000),
(7325081, 7325, ' Kalaena', 58000),
(7326010, 7326, ' Sopai', 58000),
(7326020, 7326, ' Kesu', 58000),
(7326030, 7326, ' Sanggalangi', 58000),
(7326040, 7326, ' Buntao', 58000),
(7326050, 7326, ' Rantebua', 58000),
(7326060, 7326, ' Nanggala', 58000),
(7326070, 7326, ' Tondon', 58000),
(7326080, 7326, ' Tallunglipu', 58000),
(7326090, 7326, ' Rantepao', 58000),
(7326100, 7326, ' Tikala', 58000),
(7326110, 7326, ' Sesean', 58000),
(7326120, 7326, ' Balusu', 58000),
(7326130, 7326, ' Sa\'dan', 58000),
(7326140, 7326, ' Bengkelekila', 58000),
(7326150, 7326, ' Sesean Suloara', 58000),
(7326160, 7326, ' Kapala Pitu', 58000),
(7326170, 7326, ' Dende Piongan Napo', 58000),
(7326180, 7326, ' Awan Rante Karua', 58000),
(7326190, 7326, ' Rindingalo', 58000),
(7326200, 7326, ' Buntu Pepasan', 58000),
(7326210, 7326, ' Baruppu', 58000),
(7371010, 7371, ' Mariso', 52000),
(7371020, 7371, ' Mamajang', 52000),
(7371030, 7371, ' Tamalate', 52000),
(7371031, 7371, ' Rappocini', 52000),
(7371040, 7371, ' Makassar', 52000),
(7371050, 7371, ' Ujung Pandang', 52000),
(7371060, 7371, ' Wajo', 52000),
(7371070, 7371, ' Bontoala', 52000),
(7371080, 7371, ' Ujung Tanah', 52000),
(7371090, 7371, ' Tallo', 52000),
(7371100, 7371, ' Panakkukang', 52000),
(7371101, 7371, ' Manggala', 52000),
(7371110, 7371, ' Biring Kanaya', 52000),
(7371111, 7371, ' Tamalanrea', 52000),
(7372010, 7372, ' Bacukiki', 52000),
(7372011, 7372, ' Bacukiki Barat', 52000),
(7372020, 7372, ' Ujung', 52000),
(7372030, 7372, ' Soreang', 52000),
(7373010, 7373, ' Wara Selatan', 52000),
(7373011, 7373, ' Sendana', 52000),
(7373020, 7373, ' Wara', 52000),
(7373021, 7373, ' Wara Timur', 52000),
(7373022, 7373, ' Mungkajang', 52000),
(7373030, 7373, ' Wara Utara', 52000),
(7373031, 7373, ' Bara', 52000),
(7373040, 7373, ' Telluwanua', 52000),
(7373041, 7373, ' Wara Barat', 52000),
(7401050, 7401, ' Lasalimu', 80000),
(7401051, 7401, ' Lasalimu Selatan', 80000),
(7401052, 7401, ' Siontapina', 80000),
(7401060, 7401, ' Pasar Wajo', 80000),
(7401061, 7401, ' Wolowa', 80000),
(7401062, 7401, ' Wabula', 80000),
(7401070, 7401, ' Sampolawa', 80000),
(7401071, 7401, ' Batu Atas', 80000),
(7401072, 7401, ' Lapandewa', 80000),
(7401080, 7401, ' Batauga', 80000),
(7401081, 7401, ' Siompu', 80000),
(7401082, 7401, ' Kadatua', 80000),
(7401083, 7401, ' Siompu Barat', 80000),
(7401110, 7401, ' Kapontori', 80000),
(7401120, 7401, ' Gu', 80000),
(7401121, 7401, ' Sangia Wambulu', 80000),
(7401130, 7401, ' Lakudo', 80000),
(7401140, 7401, ' Mawasangka', 80000),
(7401141, 7401, ' Mawasangka Timur', 80000),
(7401142, 7401, ' Mawasangka Tengah', 80000),
(7401151, 7401, ' Talaga Raya', 80000),
(7402010, 7402, ' Tongkuno', 80000),
(7402011, 7402, ' Tongkuno Selatan', 80000),
(7402020, 7402, ' Parigi', 80000),
(7402021, 7402, ' Bone', 80000),
(7402022, 7402, ' Marobo', 80000),
(7402030, 7402, ' Kabawo', 80000),
(7402031, 7402, ' Kabangka', 80000),
(7402032, 7402, ' Kontukowuna', 80000),
(7402040, 7402, ' Tiworo Kepulauan', 80000),
(7402041, 7402, ' Maginti', 80000),
(7402042, 7402, ' Tiworo Tengah', 80000),
(7402043, 7402, ' Tiworo Selatan', 80000),
(7402044, 7402, ' Tiworo Utara', 80000),
(7402050, 7402, ' Lawa', 80000),
(7402051, 7402, ' Sawerigadi', 80000),
(7402052, 7402, ' Barangka', 80000),
(7402053, 7402, ' Wa Daga', 80000),
(7402060, 7402, ' Kusambi', 80000),
(7402061, 7402, ' Kontunaga', 80000),
(7402062, 7402, ' Watopute', 80000),
(7402070, 7402, ' Katobu', 80000),
(7402071, 7402, ' Lohia', 80000),
(7402072, 7402, ' Duruka', 80000),
(7402073, 7402, ' Batalaiworu', 80000),
(7402080, 7402, ' Napabalano', 80000),
(7402081, 7402, ' Lasalepa', 80000),
(7402082, 7402, ' Napano Kusambi', 80000),
(7402083, 7402, ' Towea', 80000),
(7402090, 7402, ' Wakorumba Selatan', 80000),
(7402091, 7402, ' Pasir Putih', 80000),
(7402092, 7402, ' Pasi Kolaga', 80000),
(7402111, 7402, ' Maligano', 80000),
(7402112, 7402, ' Batukara', 80000),
(7403071, 7403, ' Wawonii Selatan', 80000),
(7403072, 7403, ' Wawonii Barat', 80000),
(7403073, 7403, ' Wawonii Tengah', 80000),
(7403074, 7403, ' Wawonii Tenggara', 80000),
(7403081, 7403, ' Wawonii Timur', 80000),
(7403082, 7403, ' Wawonii Utara', 80000),
(7403083, 7403, ' Wawonii Timur Laut', 80000),
(7403090, 7403, ' Soropia', 80000),
(7403091, 7403, ' Lalonggasumeeto', 80000),
(7403100, 7403, ' Sampara', 80000),
(7403101, 7403, ' Bondoala', 80000),
(7403102, 7403, ' Besulutu', 80000),
(7403103, 7403, ' Kapoiala', 80000),
(7403130, 7403, ' Lambuya', 80000),
(7403131, 7403, ' Uepai', 80000),
(7403132, 7403, ' Puriala', 80000),
(7403133, 7403, ' Onembute', 80000),
(7403140, 7403, ' Pondidaha', 80000),
(7403141, 7403, ' Wonggeduku', 80000),
(7403142, 7403, ' Amonggedo', 80000),
(7403150, 7403, ' Wawotobi', 80000),
(7403151, 7403, ' Meluhu', 80000),
(7403152, 7403, ' Konawe', 80000),
(7403170, 7403, ' Unaaha', 80000),
(7403171, 7403, ' Anggaberi', 80000),
(7403180, 7403, ' Abuki', 80000),
(7403181, 7403, ' Latoma', 80000),
(7403182, 7403, ' Tongauna', 80000),
(7403183, 7403, ' Asinua', 80000),
(7403193, 7403, ' Routa', 80000),
(7404010, 7404, ' Watubangga', 80000),
(7404011, 7404, ' Tanggetada', 80000),
(7404012, 7404, ' Toari', 80000),
(7404013, 7404, ' Polinggona', 80000),
(7404020, 7404, ' Pomalaa', 80000),
(7404030, 7404, ' Wundulako', 80000),
(7404031, 7404, ' Baula', 80000),
(7404040, 7404, ' Ladongi', 80000),
(7404041, 7404, ' Lambandia', 80000),
(7404042, 7404, ' Poli-polia', 80000),
(7404043, 7404, ' Dangia', 80000),
(7404044, 7404, ' Aere', 80000),
(7404050, 7404, ' Tirawuta', 80000),
(7404051, 7404, ' Lalolae', 80000),
(7404052, 7404, ' Loea', 80000),
(7404060, 7404, ' Kolaka', 80000),
(7404061, 7404, ' Latambaga', 80000),
(7404070, 7404, ' Wolo', 80000),
(7404071, 7404, ' Samaturu', 80000),
(7404072, 7404, ' Iwoimendaa', 80000),
(7404080, 7404, ' Mowewe', 80000),
(7404081, 7404, ' Uluiwoi', 80000),
(7404082, 7404, ' Tinondo', 80000),
(7404083, 7404, ' Ueesi', 80000),
(7405010, 7405, ' Tinanggea', 80000),
(7405011, 7405, ' Lalembuu', 80000),
(7405020, 7405, ' Andoolo', 80000),
(7405021, 7405, ' Buke', 80000),
(7405030, 7405, ' Palangga', 80000),
(7405031, 7405, ' Palangga Selatan', 80000),
(7405032, 7405, ' Baito', 80000),
(7405040, 7405, ' Lainea', 80000),
(7405041, 7405, ' Laeya', 80000),
(7405050, 7405, ' Kolono', 80000),
(7405060, 7405, ' Laonti', 80000),
(7405070, 7405, ' Moramo', 80000),
(7405071, 7405, ' Moramo Utara', 80000),
(7405080, 7405, ' Konda', 80000);

-- --------------------------------------------------------

--
-- Struktur dari tabel `wilayah_provinsi`
--

CREATE TABLE `wilayah_provinsi` (
  `id` varchar(2) NOT NULL,
  `nama` varchar(30) NOT NULL
) ENGINE=InnoDB DEFAULT CHARSET=latin1;

--
-- Dumping data untuk tabel `wilayah_provinsi`
--

INSERT INTO `wilayah_provinsi` (`id`, `nama`) VALUES
('11', 'Aceh'),
('12', 'Sumatera Utara'),
('13', 'Sumatera Barat'),
('14', 'Riau'),
('15', 'Jambi'),
('16', 'Sumatera Selatan'),
('17', 'Bengkulu'),
('18', 'Lampung'),
('19', 'Kepulauan Bangka Belitung'),
('21', 'Kepulauan Riau'),
('31', 'Dki Jakarta'),
('32', 'Jawa Barat'),
('33', 'Jawa Tengah'),
('34', 'Di Yogyakarta'),
('35', 'Jawa Timur'),
('36', 'Banten'),
('51', 'Bali'),
('52', 'Nusa Tenggara Barat'),
('53', 'Nusa Tenggara Timur'),
('61', 'Kalimantan Barat'),
('62', 'Kalimantan Tengah'),
('63', 'Kalimantan Selatan'),
('64', 'Kalimantan Timur'),
('65', 'Kalimantan Utara'),
('71', 'Sulawesi Utara'),
('72', 'Sulawesi Tengah'),
('73', 'Sulawesi Selatan'),
('74', 'Sulawesi Tenggara'),
('75', 'Gorontalo'),
('76', 'Sulawesi Barat'),
('81', 'Maluku'),
('82', 'Maluku Utara'),
('91', 'Papua Barat'),
('94', 'Papua');

--
-- Indexes for dumped tables
--

--
-- Indeks untuk tabel `tbl_keranjang`
--
ALTER TABLE `tbl_keranjang`
  ADD PRIMARY KEY (`id_transaksi`),
  ADD KEY `id_produk` (`id_produk`),
  ADD KEY `id_user` (`id_user`),
  ADD KEY `id_pembayaran` (`id_pembayaran`);

--
-- Indeks untuk tabel `tbl_kurir`
--
ALTER TABLE `tbl_kurir`
  ADD PRIMARY KEY (`id`);

--
-- Indeks untuk tabel `tbl_pembayaran`
--
ALTER TABLE `tbl_pembayaran`
  ADD PRIMARY KEY (`id_pembayaran`);

--
-- Indeks untuk tabel `tbl_produk`
--
ALTER TABLE `tbl_produk`
  ADD PRIMARY KEY (`id_produk`);

--
-- Indeks untuk tabel `tbl_transaksi`
--
ALTER TABLE `tbl_transaksi`
  ADD PRIMARY KEY (`id_transaksi`),
  ADD KEY `id_produk` (`id_produk`),
  ADD KEY `id_user` (`id_user`),
  ADD KEY `id_pembayaran` (`id_pembayaran`);

--
-- Indeks untuk tabel `tbl_user`
--
ALTER TABLE `tbl_user`
  ADD PRIMARY KEY (`id_user`);

--
-- Indeks untuk tabel `wilayah_kabupaten`
--
ALTER TABLE `wilayah_kabupaten`
  ADD PRIMARY KEY (`id`);

--
-- Indeks untuk tabel `wilayah_kecamatan`
--
ALTER TABLE `wilayah_kecamatan`
  ADD PRIMARY KEY (`id`);

--
-- Indeks untuk tabel `wilayah_provinsi`
--
ALTER TABLE `wilayah_provinsi`
  ADD PRIMARY KEY (`id`);

--
-- AUTO_INCREMENT untuk tabel yang dibuang
--

--
-- AUTO_INCREMENT untuk tabel `tbl_keranjang`
--
ALTER TABLE `tbl_keranjang`
  MODIFY `id_transaksi` int(10) NOT NULL AUTO_INCREMENT;

--
-- AUTO_INCREMENT untuk tabel `tbl_kurir`
--
ALTER TABLE `tbl_kurir`
  MODIFY `id` int(11) NOT NULL AUTO_INCREMENT, AUTO_INCREMENT=3;

--
-- AUTO_INCREMENT untuk tabel `tbl_pembayaran`
--
ALTER TABLE `tbl_pembayaran`
  MODIFY `id_pembayaran` int(10) NOT NULL AUTO_INCREMENT, AUTO_INCREMENT=202;

--
-- AUTO_INCREMENT untuk tabel `tbl_produk`
--
ALTER TABLE `tbl_produk`
  MODIFY `id_produk` int(10) NOT NULL AUTO_INCREMENT, AUTO_INCREMENT=26;

--
-- AUTO_INCREMENT untuk tabel `tbl_transaksi`
--
ALTER TABLE `tbl_transaksi`
  MODIFY `id_transaksi` int(10) NOT NULL AUTO_INCREMENT, AUTO_INCREMENT=262;

--
-- AUTO_INCREMENT untuk tabel `tbl_user`
--
ALTER TABLE `tbl_user`
  MODIFY `id_user` int(10) NOT NULL AUTO_INCREMENT, AUTO_INCREMENT=34;

--
-- AUTO_INCREMENT untuk tabel `wilayah_kecamatan`
--
ALTER TABLE `wilayah_kecamatan`
  MODIFY `id` int(20) NOT NULL AUTO_INCREMENT, AUTO_INCREMENT=7405081;

--
-- Ketidakleluasaan untuk tabel pelimpahan (Dumped Tables)
--

--
-- Ketidakleluasaan untuk tabel `tbl_transaksi`
--
ALTER TABLE `tbl_transaksi`
  ADD CONSTRAINT `tbl_transaksi_ibfk_1` FOREIGN KEY (`id_produk`) REFERENCES `tbl_produk` (`id_produk`),
  ADD CONSTRAINT `tbl_transaksi_ibfk_2` FOREIGN KEY (`id_user`) REFERENCES `tbl_user` (`id_user`),
  ADD CONSTRAINT `tbl_transaksi_ibfk_3` FOREIGN KEY (`id_pembayaran`) REFERENCES `tbl_pembayaran` (`id_pembayaran`);
COMMIT;

/*!40101 SET CHARACTER_SET_CLIENT=@OLD_CHARACTER_SET_CLIENT */;
/*!40101 SET CHARACTER_SET_RESULTS=@OLD_CHARACTER_SET_RESULTS */;
/*!40101 SET COLLATION_CONNECTION=@OLD_COLLATION_CONNECTION */;
